{
    "arr_boxes": [
        {
            "x": 641.9306802749634,
            "y": 545.9130477905273,
            "width": 111.36596202850342,
            "height": 93.66273880004883,
            "genre": "mujer",
            "class": "collares"
        },
        {
            "x": 271.94631814956665,
            "y": 488.4067976474762,
            "width": 140.4680371284485,
            "height": 99.51389193534851,
            "genre": "mujer",
            "class": "gafas de sol"
        },
        {
            "x": 217.85468637943268,
            "y": 682.0982837677002,
            "width": 363.75583827495575,
            "height": 178.06683540344238,
            "class": "camisas"
        },
        {
            "x": 545.6903171539307,
            "y": 535.3793048858643,
            "width": 481.01436138153076,
            "height": 309.91809368133545,
            "genre": "mujer",
            "class": "camisas"
        }
    ],
    "file_name": "0becnyumuaz0n576tyk67ss4vmp49jj6tvy3cb6iywjzehzs4grobzrz28sjxa5m.jpg"
}