{
    "arr_boxes": [
        {
            "x": 583.285961151123,
            "y": 611.9066269397736,
            "width": 59.819655418395996,
            "height": 58.295556366443634,
            "class": "anillos"
        },
        {
            "x": 693.9395713806152,
            "y": 699.8761829137802,
            "width": 60.28494358062744,
            "height": 82.02187490463257,
            "class": "anillos"
        },
        {
            "x": 392.2595500946045,
            "y": 887.5809610486031,
            "width": 150.18829822540283,
            "height": 147.6396642923355,
            "class": "pulseras"
        },
        {
            "x": 0.0,
            "y": 867.3971189856529,
            "width": 624.5574331283569,
            "height": 483.93145805597305,
            "class": "guantes y manopla"
        }
    ],
    "file_name": "0g8wepaqc8jhk5hu6o0ou2vjvdhbpkl31egm6cjk88l4jcg5i4i3sju0l1i9r4o1.jpg"
}