{
    "arr_boxes": [
        {
            "x": 23.740012049674988,
            "y": 552.9572582244873,
            "width": 521.9071108102798,
            "height": 491.95674419403076,
            "class": "camisas"
        }
    ],
    "file_name": "0hi8tq2r8opvkn2a870h77hafg09vub7bch6c803ftfq4bgxqir5gneam240jrwa.jpg"
}