{
    "arr_boxes": [
        {
            "x": 553.878436088562,
            "y": 264.9957809150219,
            "width": 35.237531661987305,
            "height": 35.97942239046097,
            "genre": "mujer",
            "class": "pendientes"
        },
        {
            "x": 560.0774931907654,
            "y": 439.155730843544,
            "width": 243.29833030700684,
            "height": 91.73113465309143,
            "class": "collares"
        },
        {
            "x": 542.8164482116699,
            "y": 479.032354593277,
            "width": 314.3748950958252,
            "height": 337.2291189432144,
            "class": "collares"
        },
        {
            "x": 423.92309188842773,
            "y": 490.61975491046906,
            "width": 567.8911542892456,
            "height": 323.29252898693085,
            "class": "camisas"
        }
    ],
    "file_name": "0kcqc9kmn5zseg5oxlfxybt3qnc2yj3wms658i1vgigwd01ahe4pbyqwbr0ge22r.jpg"
}