{
    "arr_boxes": [
        {
            "x": 64.03045535087585,
            "y": 308.29484313726425,
            "width": 973.6383640766144,
            "height": 615.5667930841446,
            "class": "zapatos"
        }
    ],
    "file_name": "0vbhd1f392jmb4c78u8ayantt7002u2qjj4vdk2kw30l0y271tq451q5sadqj33z.jpg"
}