{
    "arr_boxes": [
        {
            "x": 160.5495536327362,
            "y": 508.5018816590309,
            "width": 418.4903633594513,
            "height": 314.5226091146469,
            "class": "gafas de sol"
        }
    ],
    "file_name": "18rljhsoztxghqh9zpd05hyf5w9fd21g2tkvzw74xm4aeggtd0ljo4kq7lyh6ygj.jpg"
}