{
    "arr_boxes": [
        {
            "x": 15.55313229560852,
            "y": 18.869010508060455,
            "width": 1037.3104226589203,
            "height": 773.9698514342308,
            "class": "bolso"
        }
    ],
    "file_name": "1fj6s5o8qlv09ix4vedlg69c1avesolno1xazgqrc9vp2bgkz4962kfsdk83khky.jpg"
}