{
    "arr_boxes": [
        {
            "x": 395.14108020067215,
            "y": 408.0060865879059,
            "width": 199.452197432518,
            "height": 294.56344878673553,
            "class": "bolso"
        }
    ],
    "file_name": "1jck40348qm7ocp5w14n2so1u0vv7mopse29vzf1m74lz19rm4uls5hsyoo1xads.jpg"
}