{
    "arr_boxes": [
        {
            "x": 157.19185709953308,
            "y": 31.89081072807312,
            "width": 911.5208494663239,
            "height": 1001.1477863788605,
            "class": "ropa interior"
        }
    ],
    "file_name": "1lrag6mj3tsxd8kmzhdopkqerfsepiamz1ycdygg9xa699sbcjt1t17hpr9nowpw.jpg"
}