{
    "arr_boxes": [
        {
            "x": 24.52000379562378,
            "y": 39.55092936754227,
            "width": 1036.9236373901367,
            "height": 1163.8346296548843,
            "class": "camisas"
        }
    ],
    "file_name": "1p03c8y21322w1e2471g7phd4moyck8d0nbs92k80wqrop6qd7jurgnsf22d0dth.jpg"
}