{
    "arr_boxes": [
        {
            "x": 137.69224047660828,
            "y": 174.77869391441345,
            "width": 980.4432356357574,
            "height": 758.6268246173859,
            "class": "bolso"
        }
    ],
    "file_name": "253clfltoeiwj797w9wd3hx0qsxci33apceauwmh2m5h2idljo841485vnagl85x.jpg"
}