{
    "arr_boxes": [
        {
            "x": 17.946102619171143,
            "y": 328.31793147325516,
            "width": 1048.522367477417,
            "height": 740.2470340132713,
            "class": "bolso"
        }
    ],
    "file_name": "25ggnmnj5wddtg0r5teufykt2jktx383im545rqj7zyl8bxp592d9laughq0ptcl.jpg"
}