{
    "arr_boxes": [
        {
            "x": 201.17929100990295,
            "y": 61.681562036275864,
            "width": 813.8823688030243,
            "height": 783.4455586969852,
            "class": "bolso"
        }
    ],
    "file_name": "26fz7ohb0efjkyi4t92yixyddxdcd0yw3phludxbiganml99kgxigpkhsga33ngt.jpg"
}