{
    "arr_boxes": [
        {
            "x": 60.14982461929321,
            "y": 672.2796365618706,
            "width": 606.7603540420532,
            "height": 445.87611705064774,
            "class": "bolso"
        }
    ],
    "file_name": "2a0d1ysz0xcgqr8izk33bg45rkahcxf6nlzh65ivrise7sfub9knrunkcz81szuv.jpg"
}