{
    "arr_boxes": [
        {
            "x": 58.735517263412476,
            "y": 15.605643391609192,
            "width": 971.2412416934967,
            "height": 805.1148833036423,
            "class": "bolso"
        }
    ],
    "file_name": "2ihkh9g144yveqlek34mjwep2ke81pe1490nzy8vcke82294nyto9h9odl4wv4dm.jpg"
}