{
    "arr_boxes": [
        {
            "x": 0.0,
            "y": 0.0,
            "width": 283.23808550834656,
            "height": 475.929639339447,
            "class": "bolso"
        }
    ],
    "file_name": "2rikhucehxn6zlzu7vsm3578icyoao259qy0jz43btax1nya8gld8c61v2x87p0p.jpg"
}