{
    "arr_boxes": [
        {
            "x": 354.5807683467865,
            "y": 765.9338057041168,
            "width": 321.16570115089417,
            "height": 162.09383010864258,
            "class": "collares"
        }
    ],
    "file_name": "2rtornk7ql85rx2lrjctdk0mzfo3ienvcfx2z1xktuwt9pt7zxwqqcl82zpbwamq.jpg"
}