{
    "arr_boxes": [
        {
            "x": 684.6747493743896,
            "y": 435.9387445449829,
            "width": 213.7009048461914,
            "height": 157.6003360748291,
            "class": "zapatos"
        },
        {
            "x": 230.22494316101074,
            "y": 408.9061975479126,
            "width": 237.30970859527588,
            "height": 232.29251861572266,
            "genre": "hombre",
            "class": "calcetines y medias"
        }
    ],
    "file_name": "2x7lkbka7l72ol6i62rm9csrya7o1mv0nq950h5pwc48ulz55zfq55svg6d5nyn9.jpg"
}