{
    "arr_boxes": [
        {
            "x": 340.47104001045227,
            "y": 467.9194897413254,
            "width": 273.03187251091003,
            "height": 377.99505293369293,
            "class": "pantalones"
        }
    ],
    "file_name": "33bnyye6r6500ni07qv8wez08rcyhrjx9wg36eaiqow3ufkiemlxl0qfdc4wy3ax.jpg"
}