{
    "arr_boxes": [
        {
            "x": 332.5924587249756,
            "y": 409.06795620918274,
            "width": 108.9814567565918,
            "height": 390.8862805366516,
            "class": "pulseras"
        },
        {
            "x": 391.97160959243774,
            "y": 397.0301941037178,
            "width": 331.84174060821533,
            "height": 405.93235462903976,
            "class": "relojes"
        }
    ],
    "file_name": "34mk0vq1w2lxdsj8sq78s2dbz2ygi1hat4nh8pm78kg2fkwo1zq8735ewj2g24vf.jpg"
}