{
    "arr_boxes": [
        {
            "x": 405.9187960624695,
            "y": 338.3003497123718,
            "width": 261.9139766693115,
            "height": 349.45162296295166,
            "class": "camisas"
        },
        {
            "x": 707.3256182670593,
            "y": 321.91258907318115,
            "width": 324.8594570159912,
            "height": 391.472589969635,
            "class": "camisas"
        },
        {
            "x": 29.352904558181763,
            "y": 301.12834453582764,
            "width": 350.47563672065735,
            "height": 371.0189652442932,
            "class": "camisas"
        }
    ],
    "file_name": "36pi1jry79hgr3qt2joeh8f7ze28wi561cwq8yv7hodaqvpcwdk8zrzu4jo7p2xa.jpg"
}