{
    "arr_boxes": [
        {
            "x": 8.363503217697144,
            "y": 268.9939875006676,
            "width": 1066.3602268695831,
            "height": 815.9274452924728,
            "class": "carteras monederos"
        }
    ],
    "file_name": "3856779atehnqm00pb1hx2xhtp4ijj4ali6n8qlld5yiwt66006cmw8o96427di1.jpg"
}