{
    "arr_boxes": [
        {
            "x": 11.073542833328247,
            "y": 50.32389521598816,
            "width": 1044.189451932907,
            "height": 975.81249833107,
            "class": "falda"
        }
    ],
    "file_name": "3hijcd3abhrrxevudxkw2eykjl11z6gd0kmkv22o8qxw0yabfq1618ng8p9cw211.jpg"
}