{
    "arr_boxes": [
        {
            "x": 14.00080919265747,
            "y": 490.82313537597656,
            "width": 749.7630143165588,
            "height": 434.2539310455322,
            "class": "bolso"
        }
    ],
    "file_name": "3pqv1297vyupn4oa6hdws8icjm1eavgtx491678nl25uzlw2nyh3ilplyjf5m90j.jpg"
}