{
    "arr_boxes": [
        {
            "x": 16.259111166000366,
            "y": 468.76732259988785,
            "width": 1041.4101469516754,
            "height": 847.3867937922478,
            "class": "camisas"
        }
    ],
    "file_name": "3tggbuspq2o3y0pbcqxm4vydj4xs0up8tlffnju7y9p2cc9yhs5vot0iup5443l3.jpg"
}