{
    "arr_boxes": [
        {
            "x": 7.011557221412659,
            "y": 987.6509783864021,
            "width": 110.64823508262634,
            "height": 83.76393342018127,
            "class": "pulseras"
        }
    ],
    "file_name": "3z1flgr09wwwxckn1pt9nj0jnjybpwt9z4hawno1py3hlt28ajfu92x0xwdk5nma.jpg"
}