{
    "arr_boxes": [
        {
            "x": 218.9347207546234,
            "y": 670.4718089103699,
            "width": 155.0334620475769,
            "height": 85.8832597732544,
            "class": "sombreros"
        }
    ],
    "file_name": "4bdztmj73subw3livhr7nvaklng7smf6ivywiffktpgktuzgr7a3g3ll2wpde9s4.jpg"
}