{
    "arr_boxes": [
        {
            "x": 676.9911217689514,
            "y": 351.34496212005615,
            "width": 334.5633029937744,
            "height": 714.5833539962769,
            "class": "zapatos"
        }
    ],
    "file_name": "4d37rsq6zqr6fgyoqg7vaukjkuxy2yhnm5yyf92tq8buj8b6rk1jos2epf5ejfuv.jpg"
}