{
    "arr_boxes": [
        {
            "x": 16.058717966079712,
            "y": 507.61998653411865,
            "width": 688.0338943004608,
            "height": 302.39575266838074,
            "class": "camisas"
        }
    ],
    "file_name": "4du8gesyy7le49expth2kwp0ll2jrf6ve2p4eg0uz1poc0cl4l1xch0jg37v7m3d.jpg"
}