{
    "arr_boxes": [
        {
            "x": 209.7100031375885,
            "y": 715.3728890419006,
            "width": 145.5506730079651,
            "height": 294.1084671020508,
            "class": "vestidos"
        }
    ],
    "file_name": "5kwy8von3xxqqqygfafdz8oxvojogbb3obp6351fdbk2a0kr0zezjgvpkxbqhojj.jpg"
}