{
    "arr_boxes": [
        {
            "x": 459.6370482444763,
            "y": 437.644522190094,
            "width": 611.0464382171631,
            "height": 658.0900454521179,
            "class": "abrigos"
        }
    ],
    "file_name": "5ocl0ditmtn26hnvsaa5zpuwxd3bcqzgaq12nubzujx2purhd1jvl4xr01pn0ovl.jpg"
}