{
    "arr_boxes": [
        {
            "x": 696.051971912384,
            "y": 395.56177747249603,
            "width": 136.96955680847168,
            "height": 217.87267076969147,
            "genre": "hombre",
            "class": "abrigos"
        },
        {
            "x": 4.980282783508301,
            "y": 447.88989186286926,
            "width": 422.43675112724304,
            "height": 148.1908643245697,
            "class": "camisas"
        }
    ],
    "file_name": "67fdkxv2l1y9925fp9w76r823vmdield3h0fenecagz09f962bnv0cc7s1qi4e7q.jpg"
}