{
    "arr_boxes": [
        {
            "x": 146.27037942409515,
            "y": 515.4543435573578,
            "width": 439.2129546403885,
            "height": 346.66797280311584,
            "genre": "mujer",
            "class": "camisas"
        },
        {
            "x": 481.692852973938,
            "y": 616.558313369751,
            "width": 622.6930618286133,
            "height": 473.82840156555176,
            "class": "camisas"
        }
    ],
    "file_name": "68bixwwwwt0gxy2c8u58krqmu1yq9e5vs11s5zrpiktazyhpge75n9nhm8ps5kxy.jpg"
}