{
    "arr_boxes": [
        {
            "x": 116.3754535317421,
            "y": 620.8276304006577,
            "width": 740.0878838896751,
            "height": 440.21421444416046,
            "class": "pantalones"
        }
    ],
    "file_name": "6eagqiwalj7iumcc8gdzg63n92pvtshyc7d7lzo6mittlacvx8n5za0bmwi1gp5i.jpg"
}