{
    "arr_boxes": [
        {
            "x": 443.0927324295044,
            "y": 842.6751637458801,
            "width": 299.25766468048096,
            "height": 255.56042432785034,
            "class": "collares"
        }
    ],
    "file_name": "6ek99k60acajlamsc367xylv2l3e71thurzddiwg6v3ai58re9sppwsdp7bpe2i1.jpg"
}