{
    "arr_boxes": [
        {
            "x": 223.7738335132599,
            "y": 626.1849761009216,
            "width": 648.2767331600189,
            "height": 457.9786705970764,
            "class": "bolso"
        }
    ],
    "file_name": "6k9mwznl1el0aaygxk3le7pikth0ywnp0ql5ucah3xo110n5g71xefcfvehp9rk8.jpg"
}