{
    "arr_boxes": [
        {
            "x": 542.285885810852,
            "y": 514.0020561218262,
            "width": 448.17948818206787,
            "height": 210.71674346923828,
            "class": "abrigos"
        }
    ],
    "file_name": "6v1dddk92o71648nwlrt93hiwy2tbm76tnr6ajrztdnuqhwo7edcm23bohqzkcab.jpg"
}