{
    "arr_boxes": [
        {
            "x": 619.2666792869568,
            "y": 872.7568674087524,
            "width": 185.02336978912354,
            "height": 191.11279964447021,
            "class": "botas"
        }
    ],
    "file_name": "6ygcxzky4vady6swur2uin1r5mzwsgik4a0z6a7cxojiiema5zdnh90pzca5gd21.jpg"
}