{
    "arr_boxes": [
        {
            "x": 766.0151834487915,
            "y": 136.54415619373322,
            "width": 92.03139805793762,
            "height": 136.14837455749512,
            "class": "camisas"
        }
    ],
    "file_name": "7ayq8mo7w5r6k594woqu556cq2sdmpu4p6levv6r3p4ihvlorv4rrw4evcnxuxjk.jpg"
}