{
    "arr_boxes": [
        {
            "x": 110.14110445976257,
            "y": 174.26682990789413,
            "width": 884.2856562137604,
            "height": 612.3823072910309,
            "class": "cinturones"
        }
    ],
    "file_name": "7b2cx7iuvxylszzdct7v61y2ms70ip3kj3vaubnq975aq1tw6jk04p0jan9gkpsm.jpg"
}