{
    "arr_boxes": [
        {
            "x": 903.7785458564758,
            "y": 998.9142680168152,
            "width": 72.77279376983643,
            "height": 72.56486892700195,
            "class": "zapatos"
        }
    ],
    "file_name": "7czw4mngl4o6o2ujtkdu42badk5oeaj49hfzbzzxosuugtm0p7u03lr5zhgf3yyy.jpg"
}