{
    "arr_boxes": [
        {
            "x": 277.1321439743042,
            "y": 1015.9952133893967,
            "width": 514.7494268417358,
            "height": 324.9733328819275,
            "class": "bolso"
        }
    ],
    "file_name": "7gaz3c74z5a4n6smnuol7tb9pd8kwot11nbjrgwogz6cw7n4fgl62nlkneirlvzl.jpg"
}