{
    "arr_boxes": [
        {
            "x": 246.426762342453,
            "y": 434.5909881591797,
            "width": 557.008992433548,
            "height": 269.89245414733887,
            "class": "chaquetas"
        }
    ],
    "file_name": "7hsonw8jkm1d5ku8q5ye5eznuqtkau28ru9pcvtwhro12lnl60y0o0h8tb00sd1d.jpg"
}