{
    "arr_boxes": [
        {
            "x": 648.5200309753418,
            "y": 672.2823643684387,
            "width": 259.2797040939331,
            "height": 306.59863471984863,
            "class": "collares"
        }
    ],
    "file_name": "7j5ihchti7c4lazr766nj813s1a1j0b3b44zf7ftkdvm6nkupqui83ecnwkr8qpv.jpg"
}