{
    "arr_boxes": [
        {
            "x": 607.6259779930115,
            "y": 364.8043942451477,
            "width": 53.970980644226074,
            "height": 84.22616958618164,
            "class": "chaquetas"
        },
        {
            "x": 240.7116937637329,
            "y": 363.2657665014267,
            "width": 61.66754722595215,
            "height": 87.09929823875427,
            "genre": "hombre",
            "class": "chaquetas"
        }
    ],
    "file_name": "7lvja1weydw5insf0n8ir4c74bp6xpjs19yam7jqrnb6c48jkfc0pg9icty6ylqs.jpg"
}