{
    "arr_boxes": [
        {
            "x": 303.64925622940063,
            "y": 293.0072321295738,
            "width": 94.47126388549805,
            "height": 100.606585085392,
            "class": "sombreros"
        }
    ],
    "file_name": "7ro8h8h7rtned1gf7oqjlu419u2i2h290rowlvu1a3d8pae3p9q2gd89fyssvtsk.jpg"
}