{
    "arr_boxes": [
        {
            "x": 58.741556257009506,
            "y": 827.359664440155,
            "width": 126.25516310334206,
            "height": 133.7359070777893,
            "class": "bolso"
        }
    ],
    "file_name": "7wruqps7oxb2bukjeyskfono4k840y5iyjj4h19kquevyietkoacldisea4t25hu.jpg"
}