{
    "arr_boxes": [
        {
            "x": 0.0,
            "y": 278.42344522476196,
            "width": 381.3476800918579,
            "height": 404.2802882194519,
            "class": "bolso"
        }
    ],
    "file_name": "8cmefssfvavk5uffsutoher5amdz61g1josjy2qs4dvz0dipqkgg5qbkjpv38j4e.jpg"
}