{
    "arr_boxes": [
        {
            "x": 644.7430729866028,
            "y": 672.1617937088013,
            "width": 415.86822509765625,
            "height": 686.671632528305,
            "genre": "mujer",
            "class": "camisas"
        },
        {
            "x": 19.574224948883057,
            "y": 782.1600705385208,
            "width": 670.4964637756348,
            "height": 569.2677229642868,
            "class": "camisas"
        }
    ],
    "file_name": "8fhnhd8wety48oxfi8fbowhcse670fydwj3m5c158ycltlpbfm5fzwhjif17vojq.jpg"
}