{
    "arr_boxes": [
        {
            "x": 156.78418055176735,
            "y": 628.9573162794113,
            "width": 87.4473787844181,
            "height": 66.76572561264038,
            "genre": "hombre",
            "class": "zapatos"
        },
        {
            "x": 586.7022424936295,
            "y": 219.50845420360565,
            "width": 69.24954056739807,
            "height": 117.5820529460907,
            "class": "zapatos"
        },
        {
            "x": 157.9972766339779,
            "y": 142.4250304698944,
            "width": 299.31502416729927,
            "height": 114.95880782604218,
            "class": "pantalones"
        },
        {
            "x": 265.01570641994476,
            "y": 419.45725679397583,
            "width": 336.3141417503357,
            "height": 260.0348889827728,
            "genre": "hombre",
            "class": "pantalones"
        }
    ],
    "file_name": "8iahwqv48k1dtzyxqay3shso47zo5nwr8hpzhcshzmvhlagorc4h99b54b5300xb.jpg"
}