{
    "arr_boxes": [
        {
            "x": 805.7105684280396,
            "y": 948.7756794691086,
            "width": 93.52678298950195,
            "height": 104.6918728351593,
            "genre": "hombre",
            "class": "camisas"
        },
        {
            "x": 919.6387696266174,
            "y": 898.6855816841125,
            "width": 100.74982166290283,
            "height": 130.17647910118103,
            "class": "camisas"
        }
    ],
    "file_name": "8oy6nr4wyq7vmw0ao2k7kui29lapbyaxyx2ynrrwjt4wbp6abfee5l3imfho781l.jpg"
}