{
    "arr_boxes": [
        {
            "x": 541.6374564170837,
            "y": 305.8501696586609,
            "width": 35.43515682220459,
            "height": 35.9964154958725,
            "genre": "mujer",
            "class": "pendientes"
        },
        {
            "x": 355.9990346431732,
            "y": 547.0121446251869,
            "width": 402.9285728931427,
            "height": 188.12724512815475,
            "class": "camisas"
        }
    ],
    "file_name": "8t6h83yf8f27i6d5y8kkriftpv60g33tmx50w1a55vv39atvu0kanr1micmw7gkl.jpg"
}