{
    "arr_boxes": [
        {
            "x": 0.0,
            "y": 523.947302699089,
            "width": 519.4992458820343,
            "height": 564.5841586589813,
            "class": "bolso"
        }
    ],
    "file_name": "8uxoiv3bg6vtiuqtkgk4xufjdrylrmdr452dffz9vaurqnxnf45lxfxgegkbubof.jpg"
}