{
    "arr_boxes": [
        {
            "x": 793.6963748931885,
            "y": 980.8022117614746,
            "width": 48.8746976852417,
            "height": 52.49117374420166,
            "genre": "mujer",
            "class": "zapatos"
        },
        {
            "x": 693.8628387451172,
            "y": 977.7694702148438,
            "width": 75.9314489364624,
            "height": 54.31692123413086,
            "genre": "mujer",
            "class": "zapatos"
        },
        {
            "x": 293.839967250824,
            "y": 980.4893589019775,
            "width": 90.84242820739746,
            "height": 83.58527183532715,
            "class": "zapatos"
        },
        {
            "x": 709.6330046653748,
            "y": 819.1690349578857,
            "width": 106.86731815338135,
            "height": 139.5222043991089,
            "genre": "mujer",
            "class": "bolso"
        }
    ],
    "file_name": "8v4utbns0l5ev7ryfluy6nou6xrbvszim13nv9xtdxvvq64pximxhm55o3lhkozx.jpg"
}