{
    "arr_boxes": [
        {
            "x": 45.25934815406799,
            "y": 41.735472679138184,
            "width": 994.9256837368011,
            "height": 830.7477450370789,
            "class": "carteras monederos"
        }
    ],
    "file_name": "91vivc9qyihldry7wt7t16h8cyqwgaql14scv5bocu7ceirb2vyqmgptbpe63ysg.jpg"
}