{
    "arr_boxes": [
        {
            "x": 217.25809335708618,
            "y": 243.61183494329453,
            "width": 672.2044086456299,
            "height": 487.2576668858528,
            "class": "carteras monederos"
        }
    ],
    "file_name": "96q94r9ug0bgqjdba9dlbmo52icvrqmo19egr7wige625u66wxsivbyjxwaj4w0t.jpg"
}