{
    "arr_boxes": [
        {
            "x": 98.59458088874817,
            "y": 47.618892788887024,
            "width": 732.9960000514984,
            "height": 1256.4745366573334,
            "class": "zapatos"
        }
    ],
    "file_name": "976eaei0148zgsfuyo08o5x6zdqb5nbbf5z566rpfxpnxnq0no0h6b9wg8s3zpfi.jpg"
}