{
    "arr_boxes": [
        {
            "x": 565.3511881828308,
            "y": 929.1093921661377,
            "width": 320.4687023162842,
            "height": 161.74673080444336,
            "class": "chaquetas"
        }
    ],
    "file_name": "9d1itnqcac9u2k0lw9dpph0o5foup0gevvtx5fp8xwdz5l4bi4bbz5oykeoitd3d.jpg"
}