{
    "arr_boxes": [
        {
            "x": 97.10951149463654,
            "y": 66.54869556427002,
            "width": 192.11587607860565,
            "height": 497.4139881134033,
            "class": "botas"
        }
    ],
    "file_name": "9gddm3pxfgmkc3stbcn77w74jc7qaqtovx3an36k1egt2hin9rvl55ymmw02he8k.jpg"
}