{
    "arr_boxes": [
        {
            "x": 7.181830525398254,
            "y": 25.269481360912323,
            "width": 404.34188294410706,
            "height": 517.1884337067604,
            "class": "carteras monederos"
        }
    ],
    "file_name": "9ol7ffyxnwkf8vhtadck0vfhx440stt0uv9tmpley9rgza1cu1cn16bsndybp7jr.jpg"
}