{
    "arr_boxes": [
        {
            "x": 483.6399757862091,
            "y": 696.1601829528809,
            "width": 131.03169322013855,
            "height": 168.02361488342285,
            "genre": "hombre",
            "class": "vestidos"
        },
        {
            "x": 767.9572105407715,
            "y": 843.1943964958191,
            "width": 157.37618923187256,
            "height": 176.68500423431396,
            "class": "bolso"
        }
    ],
    "file_name": "9v5doh0nyxbi5ajd8glkldfxkbuv02xnvzpwo8ul2wl7xyi79qkijgsqm8rr3dw6.jpg"
}