{
    "arr_boxes": [
        {
            "x": 699.8223638534546,
            "y": 956.5194225311279,
            "width": 168.0959701538086,
            "height": 130.03297805786133,
            "genre": "hombre",
            "class": "camisas"
        },
        {
            "x": 875.2970266342163,
            "y": 948.8842678070068,
            "width": 206.82123184204102,
            "height": 125.71200370788574,
            "class": "camisas"
        },
        {
            "x": 286.2598514556885,
            "y": 939.7835326194763,
            "width": 211.51312351226807,
            "height": 139.37285900115967,
            "genre": "hombre",
            "class": "camisas"
        }
    ],
    "file_name": "a29xjd4jxdwhccb8m4752yfbycx8h4os5xor3oy6had6ihm524x7so33mnyn504d.jpg"
}