{
    "arr_boxes": [
        {
            "x": 361.4762020111084,
            "y": 398.4891414642334,
            "width": 120.62052726745605,
            "height": 78.89974594116211,
            "class": "zapatos"
        }
    ],
    "file_name": "ab370kmwdg94t9rxd2w0lz4gd8ze5ekknvohpcbx9aoj5n0v9d4ytxhbhnitcxl1.jpg"
}