{
    "arr_boxes": [
        {
            "x": 206.70577883720398,
            "y": 793.5766249895096,
            "width": 683.1410944461823,
            "height": 538.5959923267365,
            "class": "camisas"
        }
    ],
    "file_name": "ahw5tkvst2uc1wfxrwliwbtpa5qa292vgpvujf9xt1y3mh9ehhr49tg1ojq1mlak.jpg"
}