{
    "arr_boxes": [
        {
            "x": 33.390605449676514,
            "y": 500.8677077293396,
            "width": 1037.814302444458,
            "height": 587.8447937965393,
            "class": "bolso"
        }
    ],
    "file_name": "ajld6bg155z6lza95zglfw7u36a3uq5q9xrdp3rdf75iiw8azpwr3k9jrd8olnqd.jpg"
}