{
    "arr_boxes": [
        {
            "x": 122.17794120311737,
            "y": 1031.1244815587997,
            "width": 503.3288651704788,
            "height": 312.1566653251648,
            "class": "camisas"
        }
    ],
    "file_name": "ajrm5gz78ejn9tcirmitj5ejni40zgevm3aaswuvxlr3zd1e63ggg1k70h1jxs5w.jpg"
}