{
    "arr_boxes": [
        {
            "x": 517.9631209373474,
            "y": 475.20617723464966,
            "width": 355.13164043426514,
            "height": 251.24350547790527,
            "class": "bolso"
        }
    ],
    "file_name": "akvwbbjefwg0oskobg8ez2lc9pugj33hw6ckch2m0zl6nddj3qxff3tu73xj2f3b.jpg"
}