{
    "arr_boxes": [
        {
            "x": 244.77421116828918,
            "y": 171.04494374990463,
            "width": 433.1945197582245,
            "height": 479.5636175274849,
            "class": "relojes"
        }
    ],
    "file_name": "al4ijp1xcii6p3kkr5hoc0xn1lkl93w151veq6zbirr6ybhcfrbxugxlvx7baoqz.jpg"
}