{
    "arr_boxes": [
        {
            "x": 267.1642076969147,
            "y": 28.632924556732178,
            "width": 571.6315162181854,
            "height": 1037.5559091567993,
            "class": "anillos"
        }
    ],
    "file_name": "b184odnnr6krpykhg6b8swcdni38xiw66y059v73jdp0clq6hu3w4k4o7e3yjh56.jpg"
}