{
    "arr_boxes": [
        {
            "x": 34.61686134338379,
            "y": 0.0,
            "width": 867.3427104949951,
            "height": 652.0329641103745,
            "class": "camisas"
        }
    ],
    "file_name": "b5359i0onczz56fw2tumuwhc9op6xizfpmto2ealkg4lwtak4uxbyxry6psr0nbs.jpg"
}