{
    "arr_boxes": [
        {
            "x": 574.9941372871399,
            "y": 728.1568976044655,
            "width": 67.59128093719482,
            "height": 106.63935422897339,
            "class": "zapatos"
        },
        {
            "x": 461.49250388145447,
            "y": 468.806697845459,
            "width": 155.9829318523407,
            "height": 173.09002923965454,
            "class": "camisas"
        },
        {
            "x": 458.0576241016388,
            "y": 633.4521831870079,
            "width": 168.8106071949005,
            "height": 169.52925288677216,
            "class": "pantalones"
        }
    ],
    "file_name": "baalewxytmgth4c6l363dgsitxe2zkk70zg85f0m57vfbptmpnqvlug8rkidmnmh.jpg"
}