{
    "arr_boxes": [
        {
            "x": 376.01720809936523,
            "y": 681.9928407669067,
            "width": 329.3042850494385,
            "height": 380.94393253326416,
            "class": "pendientes"
        }
    ],
    "file_name": "bha949mbmypa4nglquy7c06q1e4u0i11tgxd041x9skbsvv8scy0fs4thvtycq5c.jpg"
}