{
    "arr_boxes": [
        {
            "x": 764.951183795929,
            "y": 941.1935269832611,
            "width": 250.75491428375244,
            "height": 291.11698865890503,
            "class": "bolso"
        },
        {
            "x": 391.14911556243896,
            "y": 790.2059733867645,
            "width": 293.9295744895935,
            "height": 409.6598982810974,
            "genre": "mujer",
            "class": "monos"
        }
    ],
    "file_name": "bopfrkja425a63k57xk25p782awvbshp5bxyvjm49amocbgr1h222mhcfg4lwst2.jpg"
}