{
    "arr_boxes": [
        {
            "x": 25.96871852874756,
            "y": 11.133667230606079,
            "width": 1022.6652717590332,
            "height": 1064.3917644023895,
            "class": "camisas"
        }
    ],
    "file_name": "cg1x90mwmaia24o3l9rf3gpfn8wobf2uzu74o0dbu1ejmn2do9txhnjyh4wvrlni.jpg"
}