{
    "arr_boxes": [
        {
            "x": 745.7279205322266,
            "y": 530.7371735572815,
            "width": 158.4755516052246,
            "height": 167.2104549407959,
            "class": "bolso"
        },
        {
            "x": 397.1184575557709,
            "y": 514.6758806705475,
            "width": 226.56170010566711,
            "height": 176.09158158302307,
            "class": "bolso"
        }
    ],
    "file_name": "clyhrn34aa479hwr6wu2mm311fehbubu60pprndr009lrnu5wig0mpns1kjb68su.jpg"
}