{
    "arr_boxes": [
        {
            "x": 413.2754409313202,
            "y": 481.73969238996506,
            "width": 269.55012917518616,
            "height": 199.6007278561592,
            "genre": "hombre",
            "class": "gafas de sol"
        },
        {
            "x": 329.79142785072327,
            "y": 887.2828155755997,
            "width": 229.6861732006073,
            "height": 235.21304726600647,
            "class": "collares"
        }
    ],
    "file_name": "ctbws107juhizixn8v1e0wdd2dg8gvd2vi5xboseww3nr741zba897n41l8z7yp6.jpg"
}