{
    "arr_boxes": [
        {
            "x": 56.990899085998535,
            "y": 349.98246002197266,
            "width": 617.165885925293,
            "height": 355.97101306915283,
            "class": "pulseras"
        }
    ],
    "file_name": "cwmr0pzmkdmiuvhwuelbcua619xvkd4gu6pl5hqc3oe8nf574cpdjxgubjrn7n3x.jpg"
}