{
    "arr_boxes": [
        {
            "x": 505.3743016719818,
            "y": 503.51359009742737,
            "width": 563.4148800373077,
            "height": 350.88479220867157,
            "class": "chaquetas"
        }
    ],
    "file_name": "d1mgn84jo4sgbp9vqedxhkihuvt39rix33qdh8v3fypddsfkt6q68bcode34zsjc.jpg"
}