{
    "arr_boxes": [
        {
            "x": 0.0,
            "y": 11.09868049621582,
            "width": 709.438362121582,
            "height": 691.5850210189819,
            "class": "bolso"
        }
    ],
    "file_name": "d4o3bgwlfqygi3ek1msqgesc5tcy0u4w4xjn5ulqtqucpq1c13yivj0mn2mwpfqh.jpg"
}