{
    "arr_boxes": [
        {
            "x": 8.869539499282837,
            "y": 677.6662015914917,
            "width": 568.869012594223,
            "height": 389.11402702331543,
            "class": "camisas"
        }
    ],
    "file_name": "d4v3w2uaeemei4pe5y3fg7wia9rf1i5y1u32hzcf05twboedxfa0c1m9b2xckhwf.jpg"
}