{
    "arr_boxes": [
        {
            "x": 219.41277086734772,
            "y": 921.9517081975937,
            "width": 504.4035404920578,
            "height": 352.9089689254761,
            "class": "relojes"
        }
    ],
    "file_name": "d7woyncmidyzw22g2jfawid9a4irs3dctlx69jhkdmey093lh27kr47qxtnwc3l9.jpg"
}