{
    "arr_boxes": [
        {
            "x": 8.669098019599915,
            "y": 653.5720896720886,
            "width": 159.470517039299,
            "height": 245.12858390808105,
            "class": "pulseras"
        },
        {
            "x": 22.03060269355774,
            "y": 309.20542001724243,
            "width": 526.1508214473724,
            "height": 303.3313822746277,
            "class": "carteras monederos"
        }
    ],
    "file_name": "dhntktj771btwvrhjlodjcbt52p5g93do73qiippmglrmglflhe1q5pxr67qbqbr.jpg"
}