{
    "arr_boxes": [
        {
            "x": 712.5926184654236,
            "y": 362.0970153808594,
            "width": 178.87845039367676,
            "height": 350.4554557800293,
            "class": "pulseras"
        },
        {
            "x": 850.221483707428,
            "y": 341.82867765426636,
            "width": 239.10243272781372,
            "height": 384.73891496658325,
            "class": "pulseras"
        }
    ],
    "file_name": "dm4dg4ffn4bodzmd4amsb3b7tvh5nmoyoz54mh55p7jfih5t1kdit4tw4otbqyaa.jpg"
}