{
    "arr_boxes": [
        {
            "x": 388.95103454589844,
            "y": 141.35090298950672,
            "width": 82.75067567825317,
            "height": 90.84256701171398,
            "class": "anillos"
        },
        {
            "x": 19.56666111946106,
            "y": 322.6344399154186,
            "width": 233.78718495368958,
            "height": 337.8562845289707,
            "class": "pulseras"
        }
    ],
    "file_name": "dr75mheuvkklss5nxgzvmhstfe2kwy9ftiwz22qdnwv6ycssbk8rcinb13mytmnv.jpg"
}