{
    "arr_boxes": [
        {
            "x": 0.0,
            "y": 211.09083652496338,
            "width": 271.12741470336914,
            "height": 275.008864402771,
            "genre": "hombre",
            "class": "camisas"
        },
        {
            "x": 192.61884689331055,
            "y": 279.6217918395996,
            "width": 427.9751777648926,
            "height": 217.2707176208496,
            "class": "camisas"
        }
    ],
    "file_name": "dypcf698wh45qzhg533rh817qa7cx5fj61r15qyxse9o12u44n0ioqb0u3nxq25h.jpg"
}