{
    "arr_boxes": [
        {
            "x": 179.6431052684784,
            "y": 274.66103333234787,
            "width": 761.8717396259308,
            "height": 527.2125995755196,
            "class": "bolso"
        }
    ],
    "file_name": "dzn5adcb8jdpi2d3ougehnsvn55upb8e9lij1awd4r83ospbpl54xutyohrxs7kd.jpg"
}