{
    "arr_boxes": [
        {
            "x": 6.418271362781525,
            "y": 696.7851161956787,
            "width": 205.50136774778366,
            "height": 190.96731662750244,
            "class": "bolso"
        }
    ],
    "file_name": "e3v4m3llf07nntnhlnyyxidoza4bz87o3ly0778ble60c2y2sma8sprst4s4baf2.jpg"
}