{
    "arr_boxes": [
        {
            "x": 121.79650068283081,
            "y": 55.887883365154266,
            "width": 592.9332661628723,
            "height": 913.9223561882973,
            "class": "anillos"
        }
    ],
    "file_name": "elrfia6n1skxs6zb7n2spg65suys2kubhqkvp8gp4f583bhybui8fy4lt2jl612e.jpg"
}