{
    "arr_boxes": [
        {
            "x": 4.363677799701691,
            "y": 802.1688938140869,
            "width": 88.33162307739258,
            "height": 154.33237552642822,
            "class": "bolso"
        }
    ],
    "file_name": "en55h2takeomxv29jlzg10aww03vj2nthwsz1nm43tezf2snt36ai2jbr3e78y8i.jpg"
}