{
    "arr_boxes": [
        {
            "x": 157.8032398223877,
            "y": 271.30170637369156,
            "width": 885.813775062561,
            "height": 486.1464325785637,
            "class": "bolso"
        }
    ],
    "file_name": "f040rpiky6rbwanfbfp6fsmnkimgp0o8n6fbphtnx7vo44ffarqje4y5l8cnvx5n.jpg"
}