{
    "arr_boxes": [
        {
            "x": 49.396089017391205,
            "y": 27.641735076904297,
            "width": 737.7909675240517,
            "height": 568.9750099182129,
            "class": "bolso"
        }
    ],
    "file_name": "f1uhn7rwuoltes7mn1xz8balfefddtabkxgg3nn08k27yeymtqvirx4t0ad49b3a.jpg"
}