{
    "arr_boxes": [
        {
            "x": 377.5548541545868,
            "y": 915.908208489418,
            "width": 205.8473002910614,
            "height": 368.3259844779968,
            "class": "bolso"
        }
    ],
    "file_name": "f2l7nxsnsubdkqtfwn66c4pftjzrdor6p5chhebe9mnnkrhw7nep1chzwyy077mg.jpg"
}