{
    "arr_boxes": [
        {
            "x": 470.01856565475464,
            "y": 453.17176032066345,
            "width": 123.66461753845215,
            "height": 119.21384382247925,
            "genre": "mujer",
            "class": "bolso"
        },
        {
            "x": 432.74145126342773,
            "y": 292.8490676879883,
            "width": 158.1292748451233,
            "height": 189.97278761863708,
            "genre": "mujer",
            "class": "camisas"
        },
        {
            "x": 21.94054201245308,
            "y": 289.549265563488,
            "width": 301.148571819067,
            "height": 281.9771392941475,
            "class": "bolso"
        }
    ],
    "file_name": "f5j27g39uwifwo0ixisxv9iczlx39iqtrwk5ef6vo7n7r2w0x00m9g3qfola294j.jpg"
}