{
    "arr_boxes": [
        {
            "x": 10.33064603805542,
            "y": 182.81843388080597,
            "width": 748.8814902305603,
            "height": 432.76592695713043,
            "class": "bolso"
        }
    ],
    "file_name": "f66h5qvnc82odaewlky3eekze4xhcd7cczcofrqd53wmllweln4jax23pzxmylc4.jpg"
}