{
    "arr_boxes": [
        {
            "x": 268.3518898487091,
            "y": 732.7900385856628,
            "width": 245.59670448303223,
            "height": 241.63480281829834,
            "class": "collares"
        }
    ],
    "file_name": "fon3vt1nubmf0d42gkffjr1pjxawnufzsxq3r5qb5kng3wic1l5o9dkl9r8lmd6m.jpg"
}