{
    "arr_boxes": [
        {
            "x": 810.2937340736389,
            "y": 980.7511639595032,
            "width": 60.62560558319092,
            "height": 72.30003833770752,
            "genre": "mujer",
            "class": "zapatos"
        },
        {
            "x": 739.4137644767761,
            "y": 974.7930550575256,
            "width": 60.834431648254395,
            "height": 72.82776832580566,
            "genre": "mujer",
            "class": "zapatos"
        },
        {
            "x": 572.897572517395,
            "y": 759.0310549736023,
            "width": 127.95952320098877,
            "height": 132.27882385253906,
            "class": "bolso"
        }
    ],
    "file_name": "fro0mmpgwbbntp3o0tomcp22htal3676way79fqa107d2lh2f5gp9us1lbn1aj77.jpg"
}