{
    "arr_boxes": [
        {
            "x": 231.18075370788574,
            "y": 336.8475319445133,
            "width": 412.20160245895386,
            "height": 928.1113723218441,
            "class": "vestidos"
        }
    ],
    "file_name": "ftlhzeo1479dgxzjfzpu7cd37j9jqlf9snma2higt82esomc5z49agho66f5qjng.jpg"
}