{
    "arr_boxes": [
        {
            "x": 248.89063954353333,
            "y": 598.7681221961975,
            "width": 289.0944528579712,
            "height": 487.57094621658325,
            "class": "camisas ocultas debajo de la chaqueta"
        },
        {
            "x": 81.86413049697876,
            "y": 488.9503312110901,
            "width": 886.5544509887695,
            "height": 616.8341517448425,
            "class": "chaquetas"
        }
    ],
    "file_name": "fw0p8yaghxytja1lo6kcp8zds32bjarxzkartff9q89zydo180a7xrfypmgym9ic.jpg"
}