{
    "arr_boxes": [
        {
            "x": 374.9138779640198,
            "y": 737.1301285028458,
            "width": 81.08953326940536,
            "height": 75.25127792358398,
            "genre": "hombre",
            "class": "relojes"
        },
        {
            "x": 804.1246399283409,
            "y": 753.6125890016556,
            "width": 97.93676590919495,
            "height": 137.38762664794922,
            "class": "collares"
        }
    ],
    "file_name": "fwcifwcj8r8p5grrjqqkdt0gxwmilpltsdjmy7tsklic0v9mwmpawag1u8ae2r2n.jpg"
}