{
    "arr_boxes": [
        {
            "x": 15.430832147598267,
            "y": 56.03295457363129,
            "width": 585.7441263198853,
            "height": 499.57359659671783,
            "class": "zapatos"
        }
    ],
    "file_name": "g36gmf7wji5xqrne38x11768i31cqf9ywq7lz5vvxwj7evugbsenffplijdmhlo9.jpg"
}