{
    "arr_boxes": [
        {
            "x": 125.76627016067505,
            "y": 43.22322964668274,
            "width": 820.5244731903076,
            "height": 999.963515996933,
            "class": "collares"
        }
    ],
    "file_name": "g3f2mn6g0j4vkgqoe0i15b8os32p2xy0slwwbq1cpy245yo1ach2s3cjzm36tjza.jpg"
}