{
    "arr_boxes": [
        {
            "x": 450.0263822078705,
            "y": 468.2840690612793,
            "width": 166.50386452674866,
            "height": 134.18373227119446,
            "class": "collares"
        },
        {
            "x": 637.5000143051147,
            "y": 264.0939168334007,
            "width": 427.0433807373047,
            "height": 351.6628056168556,
            "class": "camisas"
        }
    ],
    "file_name": "gg9nkiit2xjqvceot51t811z8b5avbunw7kfn5ojr8selxtc5k6tzeaw1ewie8p1.jpg"
}