{
    "arr_boxes": [
        {
            "x": 0.0,
            "y": 532.8427827358246,
            "width": 1112.123680114746,
            "height": 546.9046175479889,
            "class": "bolso"
        }
    ],
    "file_name": "gj2ehu9i12uebxf7d6ifzxxri0lkg3rzyzb3k9cjaqmx3bke7f4wgidiinjf1dx0.jpg"
}