{
    "arr_boxes": [
        {
            "x": 547.0380306243896,
            "y": 706.811535358429,
            "width": 280.44336318969727,
            "height": 347.10702896118164,
            "class": "sombreros"
        }
    ],
    "file_name": "gq7loniy32vrviekb94xx7ievb3hwnnsp0mtibx240nzvw54nfn5suxbi1fv74p8.jpg"
}