{
    "arr_boxes": [
        {
            "x": 274.483323097229,
            "y": 490.8074490427971,
            "width": 48.82905721664429,
            "height": 69.58964812755585,
            "genre": "mujer",
            "class": "pendientes"
        },
        {
            "x": 309.4889187812805,
            "y": 792.9662878513336,
            "width": 247.2174882888794,
            "height": 239.65771579742432,
            "class": "collares"
        },
        {
            "x": 443.18472146987915,
            "y": 220.67818796634674,
            "width": 355.44153213500977,
            "height": 268.03418350219727,
            "genre": "mujer",
            "class": "gafas de sol"
        },
        {
            "x": 114.17829036712646,
            "y": 0.0,
            "width": 801.7685580253601,
            "height": 489.26314544677734,
            "genre": "mujer",
            "class": "sombreros"
        }
    ],
    "file_name": "gzf87qquu3rxp0y9n1byonqhmgv2zo90ceh7sq7liyefu80ak6i7wwm9n6mp5jng.jpg"
}