{
    "arr_boxes": [
        {
            "x": 0.0,
            "y": 400.5119142830372,
            "width": 1119.097466468811,
            "height": 716.9765499532223,
            "class": "bolso"
        }
    ],
    "file_name": "h6valogqdoy6e6gwiumrbixdhqcqb7n9sjw1d4xi114uhoo0bbbfka1icnc8n8sa.jpg"
}