{
    "arr_boxes": [
        {
            "x": 1.0583889484405518,
            "y": 131.4371576011181,
            "width": 1078.2017076015472,
            "height": 700.1481761038303,
            "class": "carteras monederos"
        }
    ],
    "file_name": "h7yf6c10xk5ophgrrg6as5m64ebujk0ao5qfce88fsjgfs0sii2hayrs72r6exnf.jpg"
}