{
    "arr_boxes": [
        {
            "x": 265.0107765197754,
            "y": 218.05253505706787,
            "width": 295.61697006225586,
            "height": 139.24688816070557,
            "genre": "hombre",
            "class": "gafas de sol"
        },
        {
            "x": 3.7831592559814453,
            "y": 464.3273735046387,
            "width": 678.2642269134521,
            "height": 486.6279602050781,
            "class": "camisas"
        }
    ],
    "file_name": "howaw64558jvrj7nku2rqq6x7hbf9u9okm93gr66kuij67217u7snk32uezv0nl6.jpg"
}