{
    "arr_boxes": [
        {
            "x": 121.62671238183975,
            "y": 442.572221159935,
            "width": 629.0708407759666,
            "height": 295.20347714424133,
            "class": "camisas"
        }
    ],
    "file_name": "hqcg83nat0g5liunxgni3p8hm2shybmcvrtbxfiogmkabnpvft3e7ck654t2updn.jpg"
}