{
    "arr_boxes": [
        {
            "x": 32.210397720336914,
            "y": 46.0499382019043,
            "width": 882.3638820648193,
            "height": 879.77783203125,
            "class": "vestidos"
        }
    ],
    "file_name": "hrowexyhz7veh6pd1gg5t4cgs0rvhsv5e1waszcpkh5098h2gv0m9mxgua5dudrp.jpg"
}