{
    "arr_boxes": [
        {
            "x": 3.547886610031128,
            "y": 639.2734909057617,
            "width": 288.88099193573,
            "height": 422.60923862457275,
            "class": "bolso"
        }
    ],
    "file_name": "hwbuteodcplopvkbfqs4icls2ww4yxk7lgbgo1bnfmucwq4vc0jn1iw952reyfhi.jpg"
}