{
    "arr_boxes": [
        {
            "x": 123.07068228721619,
            "y": 189.8538887500763,
            "width": 834.3218958377838,
            "height": 892.9935872554779,
            "class": "camisas"
        }
    ],
    "file_name": "hwp6jsnmzcl17blxm5680341qzz9fxbamjmb7sl1kpox9f3u38gn2eqgjdty29zy.jpg"
}