{
    "arr_boxes": [
        {
            "x": 159.630628824234,
            "y": 332.90019392967224,
            "width": 743.8975703716278,
            "height": 221.44147038459778,
            "class": "pulseras"
        }
    ],
    "file_name": "hyfocqyl7yaxyyea34i7sdztko8wbwhzhi80y7wr81yvusb9nynum93m03wet7px.jpg"
}