{
    "arr_boxes": [
        {
            "x": 0.0,
            "y": 360.43365955352783,
            "width": 1097.494912147522,
            "height": 732.3562288284302,
            "class": "bolso"
        }
    ],
    "file_name": "i6aivsjd5ng14kl1ezqwdpx5bxfzs7eyyz0zn3n5as2waenisgpbhcq866l86wg6.jpg"
}