{
    "arr_boxes": [
        {
            "x": 594.6980094909668,
            "y": 742.470645904541,
            "width": 221.222505569458,
            "height": 257.71878719329834,
            "class": "collares"
        }
    ],
    "file_name": "i8qsun1h58rpkdhpjk1zfpkgfo04wwmpju0zmxsdbtrxdulsxh4n0a5dzr5m4xgn.jpg"
}