{
    "arr_boxes": [
        {
            "x": 210.99910497665405,
            "y": 238.0371518433094,
            "width": 682.1818399429321,
            "height": 498.3663372695446,
            "class": "carteras monederos"
        }
    ],
    "file_name": "iblvlc1oj04as6srsi8r46qyp0f0p4rqc5eb17ev9m68mqs24zoeft1fvohuuf23.jpg"
}