{
    "arr_boxes": [
        {
            "x": 195.23080587387085,
            "y": 19.98434543609619,
            "width": 679.093930721283,
            "height": 881.8480110168457,
            "class": "pantalones"
        }
    ],
    "file_name": "ifd2h27ygsjza55h82983nfw5xczaeqh20or4vvs8kd0kz3h8rp0o0hj3sngmgyp.jpg"
}