{
    "arr_boxes": [
        {
            "x": 460.95292925834656,
            "y": 599.2448806166649,
            "width": 639.4167530536652,
            "height": 526.6341361403465,
            "class": "camisas"
        }
    ],
    "file_name": "ir979mn8iswany7cptffoy5rom0t415gcctqb6ng00wlxedgs5mvz2h88l9rxsuq.jpg"
}