{
    "arr_boxes": [
        {
            "x": 24.488976001739502,
            "y": 240.0359736084938,
            "width": 1030.896327495575,
            "height": 767.5181016325951,
            "class": "cinturones"
        }
    ],
    "file_name": "j2oyzhr86czom59oyqczwjjjp1bhtmltzqk9yycmzewv9zi9cjnlp740dmi0jzxo.jpg"
}