{
    "arr_boxes": [
        {
            "x": 380.8478021621704,
            "y": 450.99743843078613,
            "width": 169.56796646118164,
            "height": 108.27266693115234,
            "class": "bolso"
        }
    ],
    "file_name": "j6wbw7i95r7agfdj5bvqn9rdrlc5jx69ip9mqhf43lbz6oxaouawfwjn2ns6sczk.jpg"
}