{
    "arr_boxes": [
        {
            "x": 78.82659316062927,
            "y": 231.52164101600647,
            "width": 973.028107881546,
            "height": 576.5074825286865,
            "class": "bolso"
        }
    ],
    "file_name": "j8ncyqldilukrhkqf4q0vm9gdbdggog4zctlv5tmjix98t6gvwzyw130q9hk0gg0.jpg"
}