{
    "arr_boxes": [
        {
            "x": 33.526657819747925,
            "y": 116.25280737876892,
            "width": 1006.2448418140411,
            "height": 691.5730583667755,
            "class": "zapatos"
        }
    ],
    "file_name": "jcy9hyoq2mh32uisms935or99dsnly2gtinc8533bqwqj2udfx0fe79bdoxmbux4.jpg"
}