{
    "arr_boxes": [
        {
            "x": 200.41473269462585,
            "y": 369.5181727409363,
            "width": 694.5376932621002,
            "height": 372.71976470947266,
            "class": "bufandas"
        }
    ],
    "file_name": "jdny7383hyabu3zym7h4j6mht80w1mgtmyq4ixhkabup2luosdmy5te57teo1ohc.jpg"
}