{
    "arr_boxes": [
        {
            "x": 368.80685091018677,
            "y": 800.6772422790527,
            "width": 301.7934465408325,
            "height": 288.31270694732666,
            "class": "chaquetas"
        }
    ],
    "file_name": "jimx2qzbioqkbjwma10joohj43qat1hs0p9up3p4q9ctha700tcll2co3macc0mx.jpg"
}