{
    "arr_boxes": [
        {
            "x": 165.200697183609,
            "y": 55.5263614654541,
            "width": 723.564966917038,
            "height": 928.5714268684387,
            "class": "bolso"
        }
    ],
    "file_name": "jj7l1qt9dph29j106nt86suskad5ojvcuorn95p2q70avis0m6sbiakzh8eg1mlh.jpg"
}