{
    "arr_boxes": [
        {
            "x": 185.45286655426025,
            "y": 616.1876052618027,
            "width": 743.7628698348999,
            "height": 473.5287129878998,
            "class": "carteras monederos"
        }
    ],
    "file_name": "jk1ulxyf3ablvf845bgxul7t328yjpu2gxfhr2enyba5hgi6sgayx1jjickay5t5.jpg"
}