{
    "arr_boxes": [
        {
            "x": 102.91603803634644,
            "y": 267.2533965110779,
            "width": 876.8766117095947,
            "height": 299.13039922714233,
            "class": "pulseras"
        }
    ],
    "file_name": "jtvhnat6nob87f45kqdll7n4sn8eqw2dea56ryrh3go5ftjj3qipkt0bbiovbla9.jpg"
}