{
    "arr_boxes": [
        {
            "x": 60.426950454711914,
            "y": 59.523917734622955,
            "width": 954.4601941108704,
            "height": 1228.9749071002007,
            "class": "chaquetas"
        }
    ],
    "file_name": "jy3y7l1ahew0whqcd1cmmctq0w0qpxu31mfkl0vtggqp6nnj38mnihwefftu6en7.jpg"
}