{
    "arr_boxes": [
        {
            "x": 383.6034071445465,
            "y": 505.11677742004395,
            "width": 680.2469480037689,
            "height": 315.8789384365082,
            "class": "chaquetas"
        }
    ],
    "file_name": "k7mq5ua1jijth7ug1516dzes6wmd0jchjede38t3h5c1wk0vuw2xdus0nrz19kdm.jpg"
}