{
    "arr_boxes": [
        {
            "x": 149.37059998512268,
            "y": 30.89309334754944,
            "width": 629.2591416835785,
            "height": 1288.9447689056396,
            "class": "anillos"
        }
    ],
    "file_name": "kp7vvnsv9py2md6fyh60cf0vysilrjujxx10rlch1dts9at83u2w1koetc7x01gn.jpg"
}