{
    "arr_boxes": [
        {
            "x": 119.19046998023987,
            "y": 719.6877479553223,
            "width": 492.11140036582947,
            "height": 359.8559761047363,
            "class": "camisas"
        },
        {
            "x": 605.2360010147095,
            "y": 358.3874022960663,
            "width": 484.61358547210693,
            "height": 725.7783043384552,
            "genre": "hombre",
            "class": "chaquetas"
        }
    ],
    "file_name": "kxv5r9xtz0ajbfb1tj1vair6o9r39u9qtk615d5740dk691lerol4w762mm2x8ge.jpg"
}