{
    "arr_boxes": [
        {
            "x": 318.07613372802734,
            "y": 475.3551632165909,
            "width": 101.67664289474487,
            "height": 35.48383712768555,
            "class": "pulseras"
        },
        {
            "x": 181.01449310779572,
            "y": 294.35207694768906,
            "width": 152.46360003948212,
            "height": 154.67197448015213,
            "genre": "mujer",
            "class": "collares"
        },
        {
            "x": 472.97126054763794,
            "y": 360.8732298016548,
            "width": 531.5701365470886,
            "height": 391.7336091399193,
            "genre": "hombre",
            "class": "camisas"
        },
        {
            "x": 6.708860397338867,
            "y": 288.6059135198593,
            "width": 520.4162001609802,
            "height": 407.7029228210449,
            "class": "camisas"
        }
    ],
    "file_name": "l2ah19b0ize2czb87jf9duywc7bg0epd6ydos1mu6ewxgcb9ycl3q0zvdipf324h.jpg"
}