{
    "arr_boxes": [
        {
            "x": 615.9272646903992,
            "y": 941.7333912849426,
            "width": 50.91094493865967,
            "height": 66.85099124908447,
            "class": "anillos"
        }
    ],
    "file_name": "l2eyv8t9hrnqfztdzaustn2ssdoxzk3sb8z4k32ulnn39kh6wrl9qbl3p0r0vpdi.jpg"
}