{
    "arr_boxes": [
        {
            "x": 182.76425540447235,
            "y": 286.53130155801773,
            "width": 61.37973213195801,
            "height": 81.93960809707642,
            "genre": "mujer",
            "class": "pendientes"
        },
        {
            "x": 116.27491787075996,
            "y": 570.3511502742767,
            "width": 74.74961858987808,
            "height": 105.48325276374817,
            "class": "relojes"
        },
        {
            "x": 440.21674555540085,
            "y": 77.84906014800072,
            "width": 199.72529655694962,
            "height": 170.51276829838753,
            "genre": "mujer",
            "class": "sombreros"
        },
        {
            "x": 418.8473451733589,
            "y": 461.33127450942993,
            "width": 415.50732177495956,
            "height": 503.69549107551575,
            "genre": "mujer",
            "class": "pantalones"
        }
    ],
    "file_name": "l5bktti5mk62h7scurzf9u37x7l9joj39y0l57wveleh4n8h3w59ogdd3waipuur.jpg"
}