{
    "arr_boxes": [
        {
            "x": 41.30439877510071,
            "y": 33.279465436935425,
            "width": 1003.1089103221893,
            "height": 1005.9457647800446,
            "class": "bolso"
        }
    ],
    "file_name": "l5n5ji2ww2vyegeuz7bxyyrz22c40vjmyjxbpxj4kq0qf2i4eaa9i51rmthn9asl.jpg"
}