{
    "arr_boxes": [
        {
            "x": 614.9207925796509,
            "y": 763.4038063287735,
            "width": 61.951303482055664,
            "height": 89.84312105178833,
            "class": "camisas"
        }
    ],
    "file_name": "lau6mc3eenos1hpzsx05me88em8sp4sjm0plmyz3efxhfhcuojchhkz2sb8wvuks.jpg"
}