{
    "arr_boxes": [
        {
            "x": 382.4024963378906,
            "y": 638.3565893769264,
            "width": 84.62122678756714,
            "height": 73.32243084907532,
            "class": "zapatos"
        }
    ],
    "file_name": "ljl1qi5v3cwdzu7inhj3ezxm5s2ovfrwajhvayfqwik5lsk1o8jzmi2yyx0d8n9j.jpg"
}