{
    "arr_boxes": [
        {
            "x": 171.09752297401428,
            "y": 0.0,
            "width": 879.8369014263153,
            "height": 737.2350633144379,
            "class": "bufandas"
        }
    ],
    "file_name": "ln13xcgyc72so9gyej0fxe9ekpfosezzzlfpof7ui0lgvwgz3n4469ohwi9trkki.jpg"
}