{
    "arr_boxes": [
        {
            "x": 0.0,
            "y": 143.52322071790695,
            "width": 1081.5439224243164,
            "height": 1058.4796741604805,
            "class": "mochilas"
        }
    ],
    "file_name": "luijwgf4sw4bg7nz0ub1mu460id3nabbt7o59366jaqtceyelihpfcd12go2ryl5.jpg"
}