{
    "arr_boxes": [
        {
            "x": 648.9116764068604,
            "y": 527.3745685815811,
            "width": 288.72533798217773,
            "height": 294.4180530309677,
            "genre": "mujer",
            "class": "abrigos"
        },
        {
            "x": 242.51711547374725,
            "y": 607.7009403705597,
            "width": 424.9004513025284,
            "height": 214.7802472114563,
            "class": "chaquetas"
        }
    ],
    "file_name": "lvcg1x16tip8vzehge8mrgi573mde0uy5bvdn6eszs6ojivn2x0qulyo2nr80pvu.jpg"
}