{
    "arr_boxes": [
        {
            "x": 10.012235641479492,
            "y": 300.1286745071411,
            "width": 696.8824481964111,
            "height": 104.65571880340576,
            "class": "cinturones"
        },
        {
            "x": 37.52251625061035,
            "y": 441.6461420059204,
            "width": 657.0806121826172,
            "height": 161.73866271972656,
            "class": "cinturones"
        }
    ],
    "file_name": "lvdsf4rt38fks06ufk0jtysn2dchkx3hdnamba0o5refc3gahofocmxn8flrrf17.jpg"
}