{
    "arr_boxes": [
        {
            "x": 533.2209777832031,
            "y": 451.6150224208832,
            "width": 271.1454677581787,
            "height": 323.9385652542114,
            "genre": "mujer",
            "class": "chaquetas"
        },
        {
            "x": 747.6691055297852,
            "y": 287.3445439338684,
            "width": 294.2327117919922,
            "height": 452.2747850418091,
            "class": "chaquetas"
        }
    ],
    "file_name": "mfbnfswnmug9hod2jdmaduwkkoa4bkzgmw75rs8ey3hdjii6izsb0nvjxzdpojif.jpg"
}