{
    "arr_boxes": [
        {
            "x": 412.8594946861267,
            "y": 1209.5572292804718,
            "width": 107.22922325134277,
            "height": 83.86210799217224,
            "class": "zapatos"
        }
    ],
    "file_name": "mn4p0e8liq6qt0pvmb22t69or78vuze95evn83kqh20aqkfb5vo4zuozrmar49xc.jpg"
}