{
    "arr_boxes": [
        {
            "x": 104.95193123817444,
            "y": 0.0,
            "width": 864.4123542308807,
            "height": 1343.0456221103668,
            "class": "bolso"
        }
    ],
    "file_name": "mrzoy0jp3auynw9dmuannqatitz9m316tle56jbyum3lyeimiysaa3rc8gg7wmpl.jpg"
}