{
    "arr_boxes": [
        {
            "x": 0.0,
            "y": 473.99943816661835,
            "width": 571.0523501634598,
            "height": 478.8087114095688,
            "class": "zapatos"
        }
    ],
    "file_name": "n3h36z5mkllmnugrn0w7vnreewexnyimjdf5ra9k359ne49jlfcm2l94pklvwtzx.jpg"
}