{
    "arr_boxes": [
        {
            "x": 35.05744814872742,
            "y": 147.68364071846008,
            "width": 1041.2201178073883,
            "height": 528.6401259899139,
            "class": "zapatos"
        }
    ],
    "file_name": "n5cejjy6luonb57fedz3r2cwfdev2p6fsh6ug7550k7q0g6qsd3mrh5jhox6kvs0.jpg"
}