{
    "arr_boxes": [
        {
            "x": 677.7131295204163,
            "y": 99.45566654205322,
            "width": 405.95304250717163,
            "height": 1148.7857222557068,
            "class": "vestidos"
        }
    ],
    "file_name": "n7l0z8aq3u4fs87vkyxt6z4rhnemzgq9mljk8p7pj0lm5jqkqgv6hz35ob7eqyg6.jpg"
}