{
    "arr_boxes": [
        {
            "x": 392.28603959083557,
            "y": 1286.090950369835,
            "width": 140.63502073287964,
            "height": 66.65455293655396,
            "class": "zapatos"
        },
        {
            "x": 12.885321378707886,
            "y": 0.22143995761871338,
            "width": 727.4254810810089,
            "height": 928.0325093269348,
            "class": "bolso"
        }
    ],
    "file_name": "nb2i3x4ajr6ips230m7o3z2e3odcsrb9s3kdysfdt3g8roqcspj3gtx35961lr2v.jpg"
}