{
    "arr_boxes": [
        {
            "x": 49.56664323806763,
            "y": 778.7097573280334,
            "width": 850.8916068077087,
            "height": 279.0194320678711,
            "class": "camisas"
        }
    ],
    "file_name": "neyvn8hhbhky3ntb4dhqxia5qalu97chmipq9pmaow7y3rcwt3uk2n4ywiejf522.jpg"
}