{
    "arr_boxes": [
        {
            "x": 526.3776075839996,
            "y": 1155.5513262748718,
            "width": 77.51383423805237,
            "height": 67.91481971740723,
            "class": "pulseras"
        },
        {
            "x": 174.57479238510132,
            "y": 842.9618328809738,
            "width": 376.19513511657715,
            "height": 488.69097232818604,
            "genre": "mujer",
            "class": "vestidos"
        }
    ],
    "file_name": "ngb47w3lgattu9ty0haizse8uzd3fwpl7a0i64f283kb1xfbn37gtxx8i3xi11j9.jpg"
}