{
    "arr_boxes": [
        {
            "x": 125.82562208175659,
            "y": 684.6910357475281,
            "width": 649.1710352897644,
            "height": 377.478346824646,
            "class": "bolso"
        }
    ],
    "file_name": "nh02crg5mc9dw8hmb2qzjva8w5xx6sbz82oqwjvd1n8ofqdk2punz256tpu3dltq.jpg"
}