{
    "arr_boxes": [
        {
            "x": 494.8553001880646,
            "y": 526.3063144683838,
            "width": 586.6590106487274,
            "height": 396.8063449859619,
            "class": "bolso"
        }
    ],
    "file_name": "ni7kem1cxuwgs5h11j9i869rngnhymm8e7ydxfsnzq1yk7ri8kiclu8vc3rjtyzv.jpg"
}