{
    "arr_boxes": [
        {
            "x": 256.5255045890808,
            "y": 415.50862938165665,
            "width": 56.127283573150635,
            "height": 59.53240692615509,
            "genre": "mujer",
            "class": "pendientes"
        },
        {
            "x": 0.0,
            "y": 676.5454351902008,
            "width": 734.4986915588379,
            "height": 665.5696749687195,
            "class": "camisas"
        }
    ],
    "file_name": "nmlywznkkqw0c5wpaw0kjrn2fznwrg8hqhdd5c9gwzp106nfdpzij0o67i1th29r.jpg"
}