{
    "arr_boxes": [
        {
            "x": 239.6597421169281,
            "y": 0.0,
            "width": 567.5213634967804,
            "height": 1376.5336046218872,
            "class": "zapatos"
        }
    ],
    "file_name": "npd0syzz8oryjpy4rgk3y9co0ui7v15onliyl6kcyl03u54gowfkekesitxgjye9.jpg"
}