{
    "arr_boxes": [
        {
            "x": 14.509329199790955,
            "y": 505.44093176722527,
            "width": 871.0055619478226,
            "height": 611.1161448061466,
            "class": "camisas"
        }
    ],
    "file_name": "o5uk6x2hwtu6qmdn3vei7zhiqre0v7f9i2scdaj4wc7276dw1hhpvl73813hvk28.jpg"
}