{
    "arr_boxes": [
        {
            "x": 0.0,
            "y": 151.98480981588364,
            "width": 635.2211451530457,
            "height": 484.4620802998543,
            "class": "bolso"
        }
    ],
    "file_name": "oe68cce2mmqii5vpoalhzeqe16q32tnabxqkvmxy3jblrq5xuaddu99y1l37biru.jpg"
}