{
    "arr_boxes": [
        {
            "x": 527.5054228305817,
            "y": 1218.6873346567154,
            "width": 63.478134870529175,
            "height": 89.57794904708862,
            "genre": "mujer",
            "class": "zapatos"
        },
        {
            "x": 656.0816717147827,
            "y": 968.2769447565079,
            "width": 119.36147689819336,
            "height": 180.47651052474976,
            "class": "bolso"
        }
    ],
    "file_name": "oidt4fxo7ocnguzh50wy4s0sq35ddbzcj38z8zy9oxnq4qct22pnt9er035dbjza.jpg"
}