{
    "arr_boxes": [
        {
            "x": 18.660281002521515,
            "y": 309.81611113250256,
            "width": 251.6966351866722,
            "height": 511.4860192090273,
            "class": "carteras monederos"
        },
        {
            "x": 685.187029838562,
            "y": 58.9507936835289,
            "width": 388.3228826522827,
            "height": 593.6194399595261,
            "class": "relojes"
        }
    ],
    "file_name": "onu833qq594qe18jalvem385xhfo8y3l14stjf6wpat744h2h6zg1cj19pifhk6c.jpg"
}