{
    "arr_boxes": [
        {
            "x": 504.8144817352295,
            "y": 506.22105568647385,
            "width": 92.74786949157715,
            "height": 66.78711086511612,
            "class": "camisas"
        },
        {
            "x": 678.8851046562195,
            "y": 488.0576020479202,
            "width": 179.3759250640869,
            "height": 82.98930525779724,
            "genre": "hombre",
            "class": "camisas"
        }
    ],
    "file_name": "ooutnm8zu56u6ehaje9or4nc8pizbg4wsvzgh959xn759en1afmkupnlgg3b3csi.jpg"
}