{
    "arr_boxes": [
        {
            "x": 40.84433689713478,
            "y": 237.609413087368,
            "width": 93.77700492739677,
            "height": 46.74180817604065,
            "class": "pulseras"
        },
        {
            "x": 39.517436027526855,
            "y": 273.4591757655144,
            "width": 104.36119616031647,
            "height": 49.12308216094971,
            "class": "pulseras"
        }
    ],
    "file_name": "or2m8w63un9qlp0ujda5rjxm9m74q7r17wkxybkffia92e5iuc9wuxeu8705e12g.jpg"
}