{
    "arr_boxes": [
        {
            "x": 39.204808473587036,
            "y": 158.20669746398926,
            "width": 1011.7171275615692,
            "height": 523.4085421562195,
            "class": "zapatos"
        }
    ],
    "file_name": "ow83leh8fo3vlfmv5tiqb54deun7asqaotiqx738gn2xx0rskeaw0mzdvhe2jj0g.jpg"
}