{
    "arr_boxes": [
        {
            "x": 167.34933972358704,
            "y": 623.9322242736816,
            "width": 719.6616446971893,
            "height": 465.0925724506378,
            "class": "camisas"
        }
    ],
    "file_name": "oxmjj345nvzs4njrf6k8og66phqva682u2nxqigfxrny5gzzhpaeibvvtmqwbxpw.jpg"
}