{
    "arr_boxes": [
        {
            "x": 0.0,
            "y": 875.5657196044922,
            "width": 1152.5194215774536,
            "height": 477.5687634944916,
            "class": "camisas"
        }
    ],
    "file_name": "p0in5021gocsvxjs5mbca5ozzgjf6lqbd4zcnkbzt6keo3xnaretio4c7ape8o72.jpg"
}