{
    "arr_boxes": [
        {
            "x": 2.870650291442871,
            "y": 31.632860004901886,
            "width": 1059.4198822975159,
            "height": 1299.6812626719475,
            "class": "pantalones cortos"
        }
    ],
    "file_name": "p1og1yblern2q4tmvkpfgo1nkun6v9k4x3iecb5cs6g5pcudzzp94cdmkjmxskeg.jpg"
}