{
    "arr_boxes": [
        {
            "x": 165.89590966701508,
            "y": 1192.1767562627792,
            "width": 243.79939377307892,
            "height": 154.83351945877075,
            "genre": "hombre",
            "class": "camisas"
        },
        {
            "x": 321.73781633377075,
            "y": 1194.5880889892578,
            "width": 280.8318543434143,
            "height": 151.26741528511047,
            "class": "camisas"
        }
    ],
    "file_name": "p4ulud4h4o8ow46666xtyzunxihpwi1ych6bdhhda2bj4628ytbk3uvkdvw6hbgd.jpg"
}