{
    "arr_boxes": [
        {
            "x": 558.9609432220459,
            "y": 602.1341228485107,
            "width": 156.75486087799072,
            "height": 209.18410778045654,
            "class": "sombreros"
        }
    ],
    "file_name": "p6c5n82nvbar1wx4v0nx3u9nwa79t3wip9sob3hyhm017in04vkcou8hhodus7vk.jpg"
}