{
    "arr_boxes": [
        {
            "x": 266.0797047615051,
            "y": 645.6838846206665,
            "width": 78.28209400177002,
            "height": 70.24572372436523,
            "class": "camisas"
        }
    ],
    "file_name": "pdb83lzyfp8as1sxk89saocd1jo5c9a2li6bugg8t3zohhgl26r74ti4puwxfle9.jpg"
}