{
    "arr_boxes": [
        {
            "x": 330.48612624406815,
            "y": 689.3233662843704,
            "width": 78.76523584127426,
            "height": 48.42278218269348,
            "class": "zapatos"
        },
        {
            "x": 242.25769937038422,
            "y": 564.0206527709961,
            "width": 82.85996317863464,
            "height": 66.56879830360413,
            "genre": "mujer",
            "class": "zapatos"
        },
        {
            "x": 354.7065854072571,
            "y": 381.8456120491028,
            "width": 140.70117473602295,
            "height": 207.2062611579895,
            "genre": "mujer",
            "class": "chaquetas"
        },
        {
            "x": 286.4948585629463,
            "y": 434.72077918052673,
            "width": 172.50441759824753,
            "height": 200.04587864875793,
            "genre": "mujer",
            "class": "pantalones"
        }
    ],
    "file_name": "pdb9ehk0ap3kobyv53hjgz650t7otto15x0w0se9t15josdv13sfe8jpvw61s39g.jpg"
}