{
    "arr_boxes": [
        {
            "x": 593.1659710407257,
            "y": 921.8823768496513,
            "width": 121.78948044776917,
            "height": 62.68041157722473,
            "genre": "mujer",
            "class": "gafas de sol"
        },
        {
            "x": 500.6871067285538,
            "y": 997.9688270688057,
            "width": 316.34889364242554,
            "height": 254.13084983825684,
            "class": "camisas"
        }
    ],
    "file_name": "pmx7h543hh9i4zwkrkuyc9a4icdn466nt0vydwo7pd16h8z79f9qrrovbj3khnd5.jpg"
}