{
    "arr_boxes": [
        {
            "x": 166.52417622506618,
            "y": 353.6915844678879,
            "width": 368.4280238300562,
            "height": 492.9829887151718,
            "class": "relojes"
        }
    ],
    "file_name": "pplpbyd25l52l0m83d3xny3cafsaniqo1qwxsiiws2bq0i0kyo9xkx1a3jjggg5r.jpg"
}