{
    "arr_boxes": [
        {
            "x": 1.7522978782653809,
            "y": 515.1896300315857,
            "width": 551.8409657478333,
            "height": 201.03321766853333,
            "class": "bolso"
        }
    ],
    "file_name": "pr8673q1qdf0fdiu9p8gdu8mky7ackd5lpiqp6ut87z40ls5h6v0hmmvx7astb6n.jpg"
}