{
    "arr_boxes": [
        {
            "x": 486.40315532684326,
            "y": 1023.3407378196716,
            "width": 149.39908504486084,
            "height": 314.62520956993103,
            "class": "gafas de sol"
        },
        {
            "x": 199.24383580684662,
            "y": 866.4778590202332,
            "width": 296.9879847764969,
            "height": 179.3342113494873,
            "genre": "hombre",
            "class": "collares"
        },
        {
            "x": 29.37094509601593,
            "y": 855.733197927475,
            "width": 516.5693324804306,
            "height": 517.3631966114044,
            "class": "camisas"
        },
        {
            "x": 522.1973526477814,
            "y": 851.8222153186798,
            "width": 547.3097169399261,
            "height": 494.59623098373413,
            "genre": "hombre",
            "class": "camisas"
        }
    ],
    "file_name": "prbgy0ro826pzhthkf0a1wb6zhfsm9tazrb4tqwmtzot4u2wdfdnuldkzhj3cln2.jpg"
}