{
    "arr_boxes": [
        {
            "x": 785.9848737716675,
            "y": 658.5608769655228,
            "width": 143.6169719696045,
            "height": 86.95709323883057,
            "class": "collares"
        },
        {
            "x": 323.78577947616577,
            "y": 787.8075585961342,
            "width": 138.2582402229309,
            "height": 364.5526750087738,
            "class": "collares"
        }
    ],
    "file_name": "q0799i7428yxwr2xrs77541fuh6q2ayl06w77zxx2295ajnn9dehswzy8e4rf1ff.jpg"
}