{
    "arr_boxes": [
        {
            "x": 3.6650712490081787,
            "y": 523.4253036975861,
            "width": 585.6549339294434,
            "height": 327.6526265144348,
            "class": "camisas"
        }
    ],
    "file_name": "q4wka6ywftkhyfpy3xoeagq0dbcmzjzwme4wilukwk20l1u4ke2gbkxvpweog6r8.jpg"
}