{
    "arr_boxes": [
        {
            "x": 574.1693258285522,
            "y": 8.131425455212593,
            "width": 456.3579511642456,
            "height": 297.8536352366209,
            "class": "pantalones"
        }
    ],
    "file_name": "q573g17wm52a97wyz68zcpfwxhl7ehghyvl5ahenzv0qm89j9ggcukxdd9aoli3l.jpg"
}