{
    "arr_boxes": [
        {
            "x": 6.521276235580444,
            "y": 109.26302433013916,
            "width": 1060.772134065628,
            "height": 819.5085382461548,
            "class": "bolso"
        }
    ],
    "file_name": "qk2ttcr0pvd95punu8gb9suwjtylm9k6e8bowwb406n0ngqkedtlsuqy1bq3onl0.jpg"
}