{
    "arr_boxes": [
        {
            "x": 442.99697756767273,
            "y": 589.217483997345,
            "width": 667.4452793598175,
            "height": 350.49047470092773,
            "class": "bolso"
        }
    ],
    "file_name": "ql3qiye1jshb45fykwdxmjxberl4gju7zj7kqytkr2g50yoyx0t4i8ud0xaq1t6y.jpg"
}