{
    "arr_boxes": [
        {
            "x": 505.54781913757324,
            "y": 384.1090813279152,
            "width": 131.4785385131836,
            "height": 53.49274545907974,
            "genre": "hombre",
            "class": "gafas de sol"
        },
        {
            "x": 268.1312835216522,
            "y": 470.3753364086151,
            "width": 682.9948389530182,
            "height": 324.61371302604675,
            "class": "chaquetas"
        }
    ],
    "file_name": "qo7q8jhcwfvfnqvbpt1fstf5gjr1dh9i2t4kwhf25rizhal6zsnfv1aaziov3yqy.jpg"
}