{
    "arr_boxes": [
        {
            "x": 519.1002702713013,
            "y": 502.3506689071655,
            "width": 204.60731506347656,
            "height": 223.56272220611572,
            "class": "pantalones"
        }
    ],
    "file_name": "r4pr0xpdo4bfucq51sdxr23a81emktbudme31muffu0ledkdf2n2z0jf6g96ep8p.jpg"
}