{
    "arr_boxes": [
        {
            "x": 458.0039691925049,
            "y": 693.5300946235657,
            "width": 275.06924629211426,
            "height": 141.58587455749512,
            "class": "collares"
        },
        {
            "x": 253.113831281662,
            "y": 799.5794087648392,
            "width": 704.0597498416901,
            "height": 559.5346838235855,
            "class": "camisas"
        }
    ],
    "file_name": "r9bee5sjhd4jlqc7vfqxabpxo407f1tc337hiiwo8qncuotman5svwfrgmx4cg92.jpg"
}