{
    "arr_boxes": [
        {
            "x": 584.442937374115,
            "y": 1108.7933421134949,
            "width": 185.722975730896,
            "height": 199.1771936416626,
            "class": "bolso"
        }
    ],
    "file_name": "ragj8qlwy9tlg6jagyob4qzmtv229cemnox5i1rma1avtlxndffg6taibh5ts0wr.jpg"
}