{
    "arr_boxes": [
        {
            "x": 11.409022808074951,
            "y": 0.0,
            "width": 548.2307982444763,
            "height": 735.8240836858749,
            "class": "camisas"
        }
    ],
    "file_name": "raz41whf2707uyma6nalthj3uhbw5lx016ekqqigwx9mt13h2wcmx2pnqubfw6ns.jpg"
}