{
    "arr_boxes": [
        {
            "x": 252.28144973516464,
            "y": 604.5393347740173,
            "width": 244.60599571466446,
            "height": 154.6345353126526,
            "genre": "hombre",
            "class": "pantalones"
        },
        {
            "x": 228.48039865493774,
            "y": 400.5259573459625,
            "width": 274.8609781265259,
            "height": 312.3840093612671,
            "genre": "hombre",
            "class": "chaquetas"
        },
        {
            "x": 193.76353919506073,
            "y": 436.26902997493744,
            "width": 282.09489583969116,
            "height": 315.43882191181183,
            "genre": "hombre",
            "class": "abrigos"
        },
        {
            "x": 110.70428788661957,
            "y": 0.0,
            "width": 435.4765713214874,
            "height": 304.4541925191879,
            "class": "bolso"
        }
    ],
    "file_name": "rb9r5cip9962xum6e1x7nybqnbsbgdp82hbna9aq0sems1rf2tjdz4581xqxude6.jpg"
}