{
    "arr_boxes": [
        {
            "x": 40.899157613515854,
            "y": 607.712000310421,
            "width": 165.74907219409943,
            "height": 249.28068327903748,
            "class": "zapatos"
        }
    ],
    "file_name": "rhv82p6z8u5hdqrl3n4jixeesjhfuc9zlsk1mt4teky82uyupp6u508rqf5zxww3.jpg"
}