{
    "arr_boxes": [
        {
            "x": 395.45238733291626,
            "y": 959.3894040584564,
            "width": 78.43040943145752,
            "height": 73.4764461517334,
            "class": "relojes"
        },
        {
            "x": 283.0805003643036,
            "y": 779.8951276540756,
            "width": 664.6176302433014,
            "height": 260.49311769008636,
            "class": "camisas"
        }
    ],
    "file_name": "rjeulmwjaawd77c1cmqbpo4dy89wqf6ezrsztompo36b64fd9wgtoxgdt7hlouhd.jpg"
}