{
    "arr_boxes": [
        {
            "x": 269.03461396694183,
            "y": 566.1936829090118,
            "width": 171.1862450838089,
            "height": 176.2593333721161,
            "class": "collares"
        }
    ],
    "file_name": "rmzsgc8cwk0thc3wu774wmt5dcriwppeooh1ndlaycfufldm3x58ffllzrscehjs.jpg"
}