{
    "arr_boxes": [
        {
            "x": 462.7022469639778,
            "y": 647.524174451828,
            "width": 118.85707920789719,
            "height": 62.58068561553955,
            "genre": "mujer",
            "class": "gafas de sol"
        },
        {
            "x": 656.8231129646301,
            "y": 529.169443488121,
            "width": 144.12298321723938,
            "height": 56.83869814872742,
            "genre": "hombre",
            "class": "gafas de sol"
        },
        {
            "x": 314.6592344045639,
            "y": 777.6301712989807,
            "width": 321.50744438171387,
            "height": 197.33483839035034,
            "class": "camisas"
        },
        {
            "x": 591.5337724685669,
            "y": 636.8537781238556,
            "width": 343.79965806007385,
            "height": 321.64117550849915,
            "genre": "hombre",
            "class": "camisas"
        }
    ],
    "file_name": "rwlfan2j7s7ay1a7ayjnu8184xogndncgq79a0y9ai5qlh061rtmnx8y6nf2tnyq.jpg"
}