{
    "arr_boxes": [
        {
            "x": 584.8550319671631,
            "y": 26.614581048488617,
            "width": 116.80140495300293,
            "height": 86.89957693219185,
            "class": "gafas de sol"
        },
        {
            "x": 152.36436367034912,
            "y": 46.900023221969604,
            "width": 400.4405879974365,
            "height": 312.57066428661346,
            "genre": "hombre",
            "class": "bolso"
        }
    ],
    "file_name": "s1n4o1yzbikix5wsc0z27o59a785gphaag26kgcu18ofjlw1l6ga9xnafzx5a3lv.jpg"
}