{
    "arr_boxes": [
        {
            "x": 29.29774045944214,
            "y": 483.9868927001953,
            "width": 110.01287698745728,
            "height": 134.71588134765625,
            "genre": "mujer",
            "class": "camisas"
        },
        {
            "x": 373.4557914733887,
            "y": 160.13334274291992,
            "width": 123.0706787109375,
            "height": 132.2260284423828,
            "class": "bolso"
        }
    ],
    "file_name": "s63kl08fuk76w2i8f82dc08yxc8senbnfs4lijhkjtlb8mjkdy47zyl77zmtkzr5.jpg"
}