{
    "arr_boxes": [
        {
            "x": 156.32931473851204,
            "y": 681.9768089056015,
            "width": 61.72434005141258,
            "height": 92.11020994186401,
            "class": "anillos"
        },
        {
            "x": 153.55598625540733,
            "y": 830.8192918300629,
            "width": 61.78583398461342,
            "height": 94.8251428604126,
            "class": "anillos"
        },
        {
            "x": 30.193042159080505,
            "y": 338.21573853492737,
            "width": 772.7952922582626,
            "height": 724.3870098590851,
            "genre": "hombre",
            "class": "camisas"
        }
    ],
    "file_name": "sex37kg4cyxfnatmwolpw015zvt177e1ydlovxh68r60jii77gfejhbvrl6u3464.jpg"
}