{
    "arr_boxes": [
        {
            "x": 560.6572723388672,
            "y": 326.2305679321289,
            "width": 122.7645263671875,
            "height": 64.36530303955078,
            "genre": "hombre",
            "class": "gafas de sol"
        },
        {
            "x": 321.69229888916016,
            "y": 486.4639892578125,
            "width": 441.6316452026367,
            "height": 281.5231018066406,
            "class": "camisas"
        }
    ],
    "file_name": "snmtiw0xewgnr8sqcp7udjng7kkla8fnqvo0uh0k7ovzkeqz105jiwk04rw4xkkp.jpg"
}