{
    "arr_boxes": [
        {
            "x": 0.0,
            "y": 485.02788335084915,
            "width": 722.3088884353638,
            "height": 600.3496160507202,
            "class": "bolso"
        }
    ],
    "file_name": "snt0dkgdh8k152zxlnyapqnps6dgjsct2vmbvi67ic471q5wom70i8pjjnpcyc9b.jpg"
}