{
    "arr_boxes": [
        {
            "x": 227.83689498901367,
            "y": 317.3274278640747,
            "width": 118.10321807861328,
            "height": 139.70632553100586,
            "class": "bolso"
        }
    ],
    "file_name": "sygh81d2zhmr7hj5f5ohe0x15eoo62sk0hjtj9fp1yu2vra0q88lfxtjjkylc6gy.jpg"
}