{
    "arr_boxes": [
        {
            "x": 644.3982911109924,
            "y": 281.83678150177,
            "width": 297.7945947647095,
            "height": 217.40582942962646,
            "class": "sombreros"
        }
    ],
    "file_name": "tcca4qujdv1c1hvanr3eezn2i3v5zqypfaiq4d9zerjcph75uy4ef27cynw1cpv7.jpg"
}