{
    "arr_boxes": [
        {
            "x": 861.9578433036804,
            "y": 655.6455355882645,
            "width": 67.29516506195068,
            "height": 44.73620653152466,
            "class": "zapatos"
        }
    ],
    "file_name": "tfryphvvrl53uzd32c9z1jfecyzqjk8mxmrypbgll86pzc6r9sg6un13q5bnw2ir.jpg"
}