{
    "arr_boxes": [
        {
            "x": 1.0671114921569824,
            "y": 381.8881239295006,
            "width": 962.4024456739426,
            "height": 828.9656608700752,
            "class": "bufandas"
        }
    ],
    "file_name": "ti2vmmiz0du13vjjcbphnjfmulddsda9810lazycvanwfuvmcx5rn9oov2s98p9q.jpg"
}