{
    "arr_boxes": [
        {
            "x": 674.3439102172852,
            "y": 588.1072527170181,
            "width": 187.7794361114502,
            "height": 314.9805655479431,
            "class": "zapatos"
        },
        {
            "x": 850.4423475265503,
            "y": 595.8573575019836,
            "width": 183.56519222259521,
            "height": 360.91819286346436,
            "class": "zapatos"
        }
    ],
    "file_name": "tkybzdksybyd38t6xu837r50fc5yoybvz059cmj9y3rkspark6yojhid2g8v2htm.jpg"
}