{
    "arr_boxes": [
        {
            "x": 785.6329464912415,
            "y": 662.9404192566872,
            "width": 179.3594455718994,
            "height": 144.61659252643585,
            "genre": "hombre",
            "class": "camisas"
        },
        {
            "x": 93.02164793014526,
            "y": 420.59362226724625,
            "width": 569.3831276893616,
            "height": 374.33019042015076,
            "class": "chaquetas"
        }
    ],
    "file_name": "tq91z8bhc7r8cy2k1nukae1gr5853o6w0t7omf5mjtykx97ww9nugt2wvlda3vb0.jpg"
}