{
    "arr_boxes": [
        {
            "x": 32.27341175079346,
            "y": 457.26601654291153,
            "width": 247.80930161476135,
            "height": 183.1845211982727,
            "class": "zapatos"
        },
        {
            "x": 17.79983103275299,
            "y": 52.468208849430084,
            "width": 359.0417379140854,
            "height": 305.37155562639236,
            "class": "zapatos"
        }
    ],
    "file_name": "ts7eelaavg99h1rivajx54a3bgdfyzhu4bszj7vgn7qbidmjkt9crv5y3yvq9bag.jpg"
}