{
    "arr_boxes": [
        {
            "x": 303.944930434227,
            "y": 399.54811334609985,
            "width": 340.3050899505615,
            "height": 217.0059084892273,
            "class": "camisas"
        }
    ],
    "file_name": "u2di7j5m4x5bv0mx40vvkqvu9p1luf4il8k6rcuuns0o66v55v8ul08dh3hfeg5b.jpg"
}