{
    "arr_boxes": [
        {
            "x": 359.58609223365784,
            "y": 608.8141992688179,
            "width": 348.44383120536804,
            "height": 308.66028517484665,
            "class": "collares"
        },
        {
            "x": 308.72233271598816,
            "y": 37.161556631326675,
            "width": 625.5226099491119,
            "height": 430.7472310960293,
            "genre": "mujer",
            "class": "sombreros"
        },
        {
            "x": 0.0,
            "y": 666.7984753847122,
            "width": 955.3061199188232,
            "height": 648.3867466449738,
            "class": "camisas"
        }
    ],
    "file_name": "u80kbd4u0zzdnb17810i1221amjgav1pfnam57avhw6g8s3urh4s3kocp3tkgfg5.jpg"
}