{
    "arr_boxes": [
        {
            "x": 733.2221102714539,
            "y": 643.26972925663,
            "width": 315.8487796783447,
            "height": 171.58477652072906,
            "class": "zapatos"
        },
        {
            "x": 254.1636425256729,
            "y": 210.48609936237335,
            "width": 471.83742463588715,
            "height": 240.72905892133713,
            "class": "camisas"
        }
    ],
    "file_name": "u99jxze8tmr4vxgj0mw79g0ov3bk11u86zp9wpu38pzxw3veof4tgc5jitrnld4a.jpg"
}