{
    "arr_boxes": [
        {
            "x": 395.4999911785126,
            "y": 954.2149329185486,
            "width": 476.20630860328674,
            "height": 132.1954607963562,
            "class": "pantalones"
        }
    ],
    "file_name": "uh9zoebgz5gz1b0dsb783fnoypq5lmgvv2ancb1y2n5tbkbluejqdl63p3ta1d8u.jpg"
}