{
    "arr_boxes": [
        {
            "x": 373.02833676338196,
            "y": 504.9356961250305,
            "width": 309.9993646144867,
            "height": 556.3319492340088,
            "class": "camisas"
        }
    ],
    "file_name": "uk7djcfmw9eoxptkvvv7rjy1627qaqbx57i7f7szyjhfte3ehhwk3jkbuqbbrppa.jpg"
}