{
    "arr_boxes": [
        {
            "x": 576.7207670211792,
            "y": 207.32177925109863,
            "width": 183.17279481887817,
            "height": 80.65588569641113,
            "genre": "hombre",
            "class": "gafas de sol"
        },
        {
            "x": 511.69667077064514,
            "y": 368.0542240142822,
            "width": 469.0437068939209,
            "height": 210.71652603149414,
            "class": "camisas"
        }
    ],
    "file_name": "umkarmpj5n0xqzr3j1bm0m8o4k3f8a0en1vok14e6b54kn1icstqz3nes8p19sl2.jpg"
}