{
    "arr_boxes": [
        {
            "x": 12.2649747133255,
            "y": 649.3322253227234,
            "width": 535.6200760602951,
            "height": 684.0399026870728,
            "class": "collares"
        },
        {
            "x": 391.9793665409088,
            "y": 685.9237790107727,
            "width": 643.7502801418304,
            "height": 631.0097336769104,
            "class": "collares"
        }
    ],
    "file_name": "uo6ilre214gpy0e6oje4xq78ff9kkzo6wkddtfhdhax3utanr4ckb7mkc918w6nu.jpg"
}