{
    "arr_boxes": [
        {
            "x": 74.81460928916931,
            "y": 157.09637582302094,
            "width": 913.8113701343536,
            "height": 431.11051619052887,
            "class": "ropa interior"
        }
    ],
    "file_name": "v67eor5lkg5fmtcln1wigz5ojjcgvwqd0vpbdh1l9pzuw2g5f21p3e155hd77eyf.jpg"
}