{
    "arr_boxes": [
        {
            "x": 149.22112584114075,
            "y": 0.0,
            "width": 776.0937345027924,
            "height": 1091.9962978363037,
            "class": "mochilas"
        }
    ],
    "file_name": "vk7ppy9rzb27tfbu4cdf06gql3dqqplntxz3ay6sdbz4aba9n6nafscm6bltp06t.jpg"
}