{
    "arr_boxes": [
        {
            "x": 66.14573955535889,
            "y": 523.6247634887695,
            "width": 114.99090671539307,
            "height": 113.1378173828125,
            "class": "sombreros"
        }
    ],
    "file_name": "vlbibjqjhmope8ipsq38dro6yzj00lqfmn1i8hf2g2daz7n6kxkido4jioj3o5ni.jpg"
}