{
    "arr_boxes": [
        {
            "x": 379.5697617530823,
            "y": 377.39450573921204,
            "width": 219.33605432510376,
            "height": 219.4897779226303,
            "genre": "mujer",
            "class": "camisas"
        },
        {
            "x": 623.9041757583618,
            "y": 439.74729585647583,
            "width": 443.24658393859863,
            "height": 166.7887315750122,
            "class": "camisas"
        }
    ],
    "file_name": "vovgk8onh520f68puhjf13ltczq4t7ljcx9s2hk6t90hqnshvtbaj7qnyux58a5x.jpg"
}