{
    "arr_boxes": [
        {
            "x": 277.2290229797363,
            "y": 783.9505672454834,
            "width": 85.19034385681152,
            "height": 81.84361457824707,
            "genre": "chico",
            "class": "camisas"
        },
        {
            "x": 349.06721115112305,
            "y": 9.38686728477478,
            "width": 341.9642448425293,
            "height": 815.6740963459015,
            "class": "falda"
        }
    ],
    "file_name": "w3avfstup1ci5w7l9vtaqrq8fsbdzdh4pjn4fgsdvskymf0rld0dwtr63pbbqp69.jpg"
}