{
    "arr_boxes": [
        {
            "x": 12.98553004860878,
            "y": 793.3200791478157,
            "width": 131.1696968972683,
            "height": 351.480849981308,
            "class": "pulseras"
        }
    ],
    "file_name": "w44zn6k3ch4jmngb3xlbts5prrc2d1jdn8o6w4ielvkdkfm784klfg3d28vew83n.jpg"
}