{
    "arr_boxes": [
        {
            "x": 701.0266542434692,
            "y": 1122.5053578615189,
            "width": 181.9632053375244,
            "height": 226.1557638645172,
            "class": "zapatos"
        }
    ],
    "file_name": "wapdmyy2jziehbqryw6mwt07o122yho5x272ux7s1s5xazbfej0m6w8f3j9blabi.jpg"
}