{
    "arr_boxes": [
        {
            "x": 92.35944271087646,
            "y": 598.6798346042633,
            "width": 104.32336091995239,
            "height": 118.94330978393555,
            "class": "sombreros"
        }
    ],
    "file_name": "wfrpitppyjy8zwsf0sepqv76i228xqaun3ubp02m6m5xyx06y6ty2wl8j3syg4pp.jpg"
}