{
    "arr_boxes": [
        {
            "x": 585.7844710350037,
            "y": 339.743262052536,
            "width": 100.3453016281128,
            "height": 103.80336999893188,
            "class": "zapatos"
        },
        {
            "x": 499.5148766040802,
            "y": 468.8593313694,
            "width": 126.06994986534119,
            "height": 127.20446181297302,
            "genre": "hombre",
            "class": "zapatos"
        },
        {
            "x": 619.9371886253357,
            "y": 459.01355415582657,
            "width": 168.44255447387695,
            "height": 135.49981665611267,
            "class": "zapatos"
        },
        {
            "x": 167.76705622673035,
            "y": 159.39632147550583,
            "width": 254.56753492355347,
            "height": 204.55213332176208,
            "genre": "hombre",
            "class": "camisas"
        }
    ],
    "file_name": "whzjb9twphkw0lrkpiqvuejckut0yk1q749ueqn2g41tu3rcsdq7kycn988w85bf.jpg"
}