{
    "arr_boxes": [
        {
            "x": 154.90709781646729,
            "y": 341.98427879810333,
            "width": 794.7456550598145,
            "height": 387.16169488430023,
            "class": "bolso"
        }
    ],
    "file_name": "wrhlk5ghx5z7wb3lehg36tfgzzdsxzw09jf3bx3rnf24sb4qtn1g2trrmcxoupu2.jpg"
}