{
    "arr_boxes": [
        {
            "x": 225.36819219589233,
            "y": 805.8880164027214,
            "width": 628.1338047981262,
            "height": 252.32119405269623,
            "class": "bolso"
        },
        {
            "x": 258.21481347084045,
            "y": 670.2182312607765,
            "width": 683.3964622020721,
            "height": 390.1288856267929,
            "class": "mochilas"
        }
    ],
    "file_name": "wukwsuzi1oahzkwkqune9f1vtq3obfjk84d6yl3jdokg95bxdont5catdtvb8t12.jpg"
}