{
    "arr_boxes": [
        {
            "x": 354.41709995269775,
            "y": 654.7523981332779,
            "width": 149.75590467453003,
            "height": 83.76807379722595,
            "class": "pulseras"
        }
    ],
    "file_name": "x8o7kretb5irwqpkcn08nxaz27katf82wgo5sgvv855y0lapk58jig25osb6zszq.jpg"
}