{
    "arr_boxes": [
        {
            "x": 600.3802800178528,
            "y": 592.2656106948853,
            "width": 110.48405170440674,
            "height": 64.48468208312988,
            "class": "pulseras"
        }
    ],
    "file_name": "xbr9lvn4gx36e16bkxactrdxlh7x57b84rdw0imco3v7qgfg594bsm45eu2v0yk8.jpg"
}