{
    "arr_boxes": [
        {
            "x": 100.31388759613037,
            "y": 316.0297966003418,
            "width": 867.978458404541,
            "height": 473.96615982055664,
            "class": "bolso"
        }
    ],
    "file_name": "xe5k3mb38beo204zrz2c7yhiwbhcylwgn0dycavk1fgs9je2lmpv04d2nbxchd5r.jpg"
}