{
    "arr_boxes": [
        {
            "x": 517.1461308002472,
            "y": 11.192619979381561,
            "width": 352.09210753440857,
            "height": 813.9031253457069,
            "class": "relojes"
        }
    ],
    "file_name": "xe9x06b45ogmyagrkk2cjhisie65my9li2y6ql5tcdl8qmaxeh2n4n4uv7wzgwdx.jpg"
}