{
    "arr_boxes": [
        {
            "x": 8.484114110469818,
            "y": 719.6344146728516,
            "width": 202.98710256814957,
            "height": 171.85413193702698,
            "genre": "mujer",
            "class": "pantalones"
        },
        {
            "x": 0.0,
            "y": 477.0266890525818,
            "width": 267.3627179861069,
            "height": 415.5693361759186,
            "genre": "mujer",
            "class": "chaquetas"
        },
        {
            "x": 561.8076467514038,
            "y": 455.94308733940125,
            "width": 455.3224468231201,
            "height": 358.1496925354004,
            "class": "bolso"
        }
    ],
    "file_name": "xheu8f0484yfpumj3z6qouw4j0cw7gf2g8rps4yum9kzo1cdrkk5341trlhv7rlq.jpg"
}