{
    "arr_boxes": [
        {
            "x": 18.131231367588043,
            "y": 1040.830484032631,
            "width": 237.74912685155869,
            "height": 293.02629232406616,
            "class": "gafas de sol"
        }
    ],
    "file_name": "xkjmyqr66cm5cleqnkt7ajgih8jsnw91t81dp8bnvwz6a7m1uyrb8e162tcjc0en.jpg"
}