{
    "arr_boxes": [
        {
            "x": 8.48645567893982,
            "y": 375.95166555047035,
            "width": 1041.535416841507,
            "height": 426.10029193758965,
            "class": "camisas"
        }
    ],
    "file_name": "xl1qdpldille1tw8ezdwait1i6j6mh5g7chxmmofre4g1lzkgwi7kf0wo8bz5w39.jpg"
}