{
    "arr_boxes": [
        {
            "x": 194.09518539905548,
            "y": 826.2555062770844,
            "width": 76.73265159130096,
            "height": 53.25644016265869,
            "class": "pulseras"
        }
    ],
    "file_name": "xtuxw60nz5cjm3m4hs4i98p43pgykdyz78nmo50llie3rjpqdj60seyrh8m5knlm.jpg"
}