{
    "arr_boxes": [
        {
            "x": 0.0,
            "y": 332.1216666698456,
            "width": 899.8796653747559,
            "height": 755.2334654331207,
            "class": "zapatos"
        }
    ],
    "file_name": "y6q4lv20tvzjp8daa69z5akuxa632bjf560lymcsr1q3y5p5ftgywbgsgenf5b6e.jpg"
}