{
    "arr_boxes": [
        {
            "x": 0.0,
            "y": 44.465789794921875,
            "width": 947.8346657752991,
            "height": 972.983078956604,
            "class": "ropa interior"
        }
    ],
    "file_name": "ykphp1mbm7fhv7fh2e7ymj0gjy6wn70hp8sbp3x50e5vkrh6s27cpgxcfpp79jxn.jpg"
}