{
    "arr_boxes": [
        {
            "x": 457.0011019706726,
            "y": 207.4932942390442,
            "width": 274.7392702102661,
            "height": 108.865278840065,
            "genre": "hombre",
            "class": "gafas de sol"
        },
        {
            "x": 246.29663228988647,
            "y": 445.8171808719635,
            "width": 578.7406468391418,
            "height": 272.41674280166626,
            "class": "chaquetas"
        }
    ],
    "file_name": "ymtb0zkmqctx30qr2yr0pmn207bpjke2h2ac7to76w23duuublqr8fv5f98oi6hc.jpg"
}