{
    "arr_boxes": [
        {
            "x": 425.0427317619324,
            "y": 61.47721767425537,
            "width": 595.4961061477661,
            "height": 599.294843673706,
            "class": "carteras monederos"
        }
    ],
    "file_name": "ypefv7lau4o3tsr2tyfo4w6u71ui20hiji2v07ehun58423zwiyb0f4lybtvpg00.jpg"
}