{
    "arr_boxes": [
        {
            "x": 537.7941298484802,
            "y": 436.68391585350037,
            "width": 266.82769775390625,
            "height": 151.89801335334778,
            "genre": "mujer",
            "class": "gafas de sol"
        },
        {
            "x": 575.1250720024109,
            "y": 703.1420803070068,
            "width": 243.898286819458,
            "height": 199.1347074508667,
            "class": "collares"
        },
        {
            "x": 371.4937484264374,
            "y": 698.5658025741577,
            "width": 551.9953644275665,
            "height": 384.2368698120117,
            "class": "camisas"
        }
    ],
    "file_name": "yqqtwyn352ne3i9zh778s8xvpn4uqjg7i1jfvu88owhpqm7knom9cv5v1wgsjeej.jpg"
}