{
    "arr_boxes": [
        {
            "x": 0.0,
            "y": 8.719263136386871,
            "width": 971.9089508056641,
            "height": 697.1214134097099,
            "class": "pantalones cortos"
        }
    ],
    "file_name": "yuhtsumdg5h14osiznxukd2ja9xilnipjksof8c9zabc629goqpwn1a0sef3pttm.jpg"
}