{
    "arr_boxes": [
        {
            "x": 527.9614734649658,
            "y": 804.9633492231369,
            "width": 150.43034076690674,
            "height": 56.28742480278015,
            "genre": "hombre",
            "class": "sombreros"
        },
        {
            "x": 41.67962908744812,
            "y": 151.7814514040947,
            "width": 1006.5853750705719,
            "height": 666.5233235955238,
            "class": "bolso"
        }
    ],
    "file_name": "yvkha9hn829b50uba7ykwvec8ylavwlgwnh8qdzb6o3gzn7zt1832ruucls80ltp.jpg"
}