{
    "arr_boxes": [
        {
            "x": 14.567210763692856,
            "y": 174.37533855438232,
            "width": 918.5790584385395,
            "height": 984.0170826911926,
            "class": "zapatos"
        }
    ],
    "file_name": "z4v4qbk8veribf1wugcdh5vm51tx9xo7gt68exu6uxue8j37c1udtkyp3f26xlir.jpg"
}