{
    "arr_boxes": [
        {
            "x": 354.5184552669525,
            "y": 4.5938193798065186,
            "width": 508.3932030200958,
            "height": 1074.5542681217194,
            "class": "bolso"
        }
    ],
    "file_name": "z65rnshprbkaxdvhk15qtoho85u7w23jxmu719je7d3oi8cfpae8ek4aolc8uump.jpg"
}