{
    "arr_boxes": [
        {
            "x": 173.46442222595215,
            "y": 345.14685451984406,
            "width": 739.0613222122192,
            "height": 408.71281027793884,
            "class": "zapatos"
        }
    ],
    "file_name": "z8t5ydkwzjhjt99rckdcfys6ioxkt8ph2v4v27it4ky1qqkki5kttrgceotd0tqn.jpg"
}