{
    "arr_boxes": [
        {
            "x": 127.725430727005,
            "y": 954.9657315015793,
            "width": 840.3135430812836,
            "height": 349.8277544975281,
            "class": "sombreros"
        }
    ],
    "file_name": "zfsrdb7dyggfhgj614nzo2a27r1brl39qyh82hw8nmtmw21jtjwwgnt96t24my0w.jpg"
}