{
    "arr_boxes": [
        {
            "x": 473.0761384963989,
            "y": 809.137836098671,
            "width": 462.02831268310547,
            "height": 271.5924918651581,
            "class": "zapatos"
        },
        {
            "x": 452.40914940834045,
            "y": 184.37944650650024,
            "width": 646.4785373210907,
            "height": 529.6892613172531,
            "class": "bolso"
        }
    ],
    "file_name": "ziqx6l9oujv3qdsxgvp4wq9s3k66gkzn2mvdjf5alqjd6elxxpqgywizgsypra5f.jpg"
}