{
    "arr_boxes": [
        {
            "x": 177.38068342208862,
            "y": 271.3504984974861,
            "width": 884.9909591674805,
            "height": 503.5726536512375,
            "class": "vestidos"
        }
    ],
    "file_name": "zizp8supf54uhf64cr34w4n5e4wdec7l745qrvh559189x7jxvkqgubeey1f7jay.jpg"
}