{
    "arr_boxes": [
        {
            "x": 651.9461560249329,
            "y": 992.6055192947388,
            "width": 92.11971759796143,
            "height": 86.71302795410156,
            "genre": "hombre",
            "class": "pantalones"
        },
        {
            "x": 602.5956130027771,
            "y": 773.2176446914673,
            "width": 158.6420202255249,
            "height": 238.95855903625488,
            "class": "abrigos"
        },
        {
            "x": 457.66382217407227,
            "y": 763.2574653625488,
            "width": 167.9582118988037,
            "height": 324.2226791381836,
            "genre": "hombre",
            "class": "abrigos"
        }
    ],
    "file_name": "zk3v35qsrz7xeq67s99vz1x2wd56niz7ngi5mcp0k67ix81whgkv7ee4s8ay52xy.jpg"
}