{
    "arr_boxes": [
        {
            "x": 236.3485872745514,
            "y": 129.6641485095024,
            "width": 639.5656478404999,
            "height": 321.3012293577194,
            "class": "zapatos"
        }
    ],
    "file_name": "zkbg7nezq2iuvq66czbmec02u2buqhppxoun3dbzled2owcvcecknelsfcgdov36.jpg"
}