{
    "arr_boxes": [
        {
            "x": 21.502615213394165,
            "y": 25.05723685026169,
            "width": 1028.9822280406952,
            "height": 1282.2969272732735,
            "class": "pantalones cortos"
        }
    ],
    "file_name": "zpt5yw8untinhi20f24qaoxx3afdx7tnl3x6sp8l4ssnknhpaxtj2e9hw3he0eoj.jpg"
}