{
    "arr_boxes": [
        {
            "x": 9.461288452148438,
            "y": 656.3735067844391,
            "width": 1046.0774159431458,
            "height": 660.2281630039215,
            "class": "camisas"
        }
    ],
    "file_name": "zt83kibov8ot6ho55kz5f5mdn2r6749y7e6avua2xw9tho65yhyb9pakvxfe493x.jpg"
}