{
    "arr_boxes": [
        {
            "x": 73.90434265136719,
            "y": 127.14790418744087,
            "width": 160.61054706573486,
            "height": 169.48787972331047,
            "class": "chaquetas"
        },
        {
            "x": 309.4786834716797,
            "y": 303.9249175786972,
            "width": 319.8544979095459,
            "height": 100.15824973583221,
            "genre": "hombre",
            "class": "pantalones"
        }
    ],
    "file_name": "zx3t9wl4hjklm6hoz4wdk6lhlr99fj9948ra1tlbxk2a13m9w4f9pezzy9nruguw.jpg"
}